Name,Year,Month,Time,DAY1,DAY2,DAY3,DAY4,DAY5,DAY6,DAY7,DAY8,DAY9,DAY10,DAY11,DAY12,DAY13,DAY14,DAY15,DAY16,DAY17,DAY18,DAY19,DAY20,DAY21,DAY22,DAY23,DAY24,DAY25,DAY26,DAY27,DAY28,DAY29,DAY30,DAY31
KIAMO-Accra,2000,01,06:00,98,92,96,96,94,84,76,81,88,95,93,95,94,93,92,94,93,92,92,92,93,86,92,88,96,92,89,92,96,93,93
KIAMO-Accra,2000,01,15:00,66,77,72,55,51,45,51,66,58,67,59,63,60,65,64,62,64,64,68,64,59,67,67,63,65,81,62,62,66,63,58
KIAMO-Accra,2000,02,06:00,92,60,56,62,85,81,63,69,80,59,79,86,86,92,91,92,92,91,92,89,92,92,91,91,90,93,84,92,90,,
KIAMO-Accra,2000,02,15:00,25,25,29,27,49,37,34,38,30,30,47,22,56,53,60,56,59,59,56,56,63,62,60,55,64,58,55,56,62,,
KIAMO-Accra,2000,03,06:00,88,92,92,88,91,92,91,91,88,90,89,89,88,89,90,85,88,90,88,89,88,92,89,90,81,92,88,93,92,93,95
KIAMO-Accra,2000,03,15:00,53,58,62,56,60,57,59,57,54,56,53,54,62,60,62,57,60,60,60,83,55,58,61,59,47,61,63,68,62,65,66
KIAMO-Accra,2000,04,06:00,92,95,92,92,92,92,92,93,93,82,90,92,88,90,89,88,94,90,93,91,92,88,84,92,94,92,93,,92,88,
KIAMO-Accra,2000,04,15:00,77,77,66,61,66,61,56,61,64,56,67,68,61,60,86,59,64,53,61,61,59,71,55,66,61,68,57,65,64,58,
KIAMO-Accra,2000,05,06:00,92,93,94,89,89,90,92,96,92,94,92,92,88,92,91,91,90,86,90,97,92,93,92,93,90,92,94,95,93,92,92
KIAMO-Accra,2000,05,15:00,88,55,63,60,62,61,63,69,61,67,62,62,71,66,65,72,85,69,75,88,77,65,66,75,75,74,73,64,73,66,69
KIAMO-Accra,2000,06,06:00,95,87,92,93,88,95,89,95,90,94,93,92,90,93,96,93,89,93,90,93,94,93,96,94,92,94,93,93,93,90,
KIAMO-Accra,2000,06,15:00,96,72,69,73,77,80,78,63,69,62,65,72,71,74,70,75,73,70,71,76,76,97,86,77,79,69,71,68,69,86,
KIAMO-Accra,2000,07,06:00,95,94,92,92,91,93,92,92,86,90,93,92,89,89,92,92,88,93,88,91,91,91,93,92,91,92,92,88,91,91,96
KIAMO-Accra,2000,07,15:00,91,70,82,77,69,68,71,71,72,69,71,71,72,72,67,67,64,81,66,67,68,71,67,63,68,67,74,70,77,67,61
KIAMO-Accra,2000,08,06:00,95,92,93,92,93,93,95,91,91,88,95,88,89,84,94,88,91,94,90,94,87,88,89,89,92,90,93,88,92,92,90
KIAMO-Accra,2000,08,15:00,73,72,76,85,90,78,73,73,74,66,69,68,66,70,66,63,73,73,57,59,63,69,78,77,68,68,71,71,71,70,69
KIAMO-Accra,2000,09,06:00,90,88,84,93,92,93,87,88,91,94,92,88,96,90,92,93,92,93,92,94,92,92,88,89,92,88,88,93,85,92,
KIAMO-Accra,2000,09,15:00,66,64,68,70,70,68,70,66,67,55,72,92,64,62,74,71,72,68,67,74,68,69,74,68,68,68,68,71,63,66,
KIAMO-Accra,2000,10,06:00,90,89,88,92,88,89,93,93,95,92,95,90,92,93,91,93,92,91,92,88,91,90,93,91,92,92,89,86,95,94,92
KIAMO-Accra,2000,10,15:00,65,70,71,65,69,67,70,65,71,63,56,60,66,65,73,59,64,68,66,63,61,64,64,61,59,65,67,66,64,67,71
KIAMO-Accra,2000,11,06:00,93,92,93,92,89,88,89,92,91,90,90,93,92,92,80,88,93,92,92,92,92,96,93,93,94,90,93,94,92,90,
KIAMO-Accra,2000,11,15:00,65,67,70,69,72,64,76,69,72,69,69,59,76,67,62,60,65,68,67,72,66,61,63,69,62,61,67,71,62,59,
KIAMO-Accra,2000,12,06:00,91,92,92,94,93,92,88,91,94,89,93,88,82,92,92,88,92,93,93,90,92,90,94,92,92,93,93,93,90,92,90
KIAMO-Accra,2000,12,15:00,63,55,62,66,67,61,62,60,60,64,66,61,66,58,35,56,64,62,67,72,72,69,69,72,68,64,67,66,67,64,66
KIAMO-Accra,2001,01,06:00,87,90,93,92,93,90,94,93,96,93,94,88,92,89,93,92,93,93,93,93,88,92,92,93,91,93,92,93,92,92,92
KIAMO-Accra,2001,01,15:00,56,69,65,71,70,70,61,65,64,61,63,65,61,63,68,66,64,66,66,64,61,61,61,67,60,62,53,51,63,60,60
KIAMO-Accra,2001,02,06:00,92,92,93,86,92,90,92,92,90,92,91,92,91,49,58,65,88,91,87,92,90,91,91,90,90,86,77,91,,,
KIAMO-Accra,2001,02,15:00,68,71,70,63,61,61,60,59,59,53,63,55,23,26,26,46,52,54,61,67,68,65,59,62,72,60,68,66,,,
KIAMO-Accra,2001,03,06:00,79,88,93,84,91,90,90,90,92,91,91,92,89,91,89,88,88,91,90,88,91,89,89,90,91,91,78,90,90,92,88
KIAMO-Accra,2001,03,15:00,65,69,62,62,56,58,76,59,64,63,61,60,61,69,68,53,70,57,61,63,60,62,67,62,62,66,56,72,56,61,60
KIAMO-Accra,2001,04,06:00,88,87,90,87,94,89,92,92,92,90,92,92,90,81,88,89,92,92,93,90,91,83,88,92,91,90,94,91,91,94,
KIAMO-Accra,2001,04,15:00,63,61,98,60,59,57,62,62,61,64,67,63,65,64,60,72,61,71,63,64,64,66,66,56,74,88,67,60,86,75,
KIAMO-Accra,2001,05,06:00,94,94,96,93,92,90,93,92,90,93,92,92,91,90,88,92,93,90,95,97,88,88,93,90,93,92,91,92,90,92,93
KIAMO-Accra,2001,05,15:00,63,64,60,71,66,63,65,67,92,71,65,65,62,64,69,77,63,60,69,68,68,65,60,63,59,70,67,81,69,74,71
KIAMO-Accra,2001,06,06:00,92,93,89,93,96,95,93,92,89,88,95,96,94,91,94,92,92,89,96,93,93,94,86,88,94,95,92,92,93,88,
KIAMO-Accra,2001,06,15:00,62,72,73,67,96,67,67,70,78,66,82,85,69,76,61,63,66,96,77,67,69,65,83,94,76,69,88,78,74,77,
KIAMO-Accra,2001,07,06:00,93,93,93,90,95,94,93,93,88,92,88,93,92,92,89,91,91,92,87,90,95,92,87,89,92,95,93,93,88,90,95
KIAMO-Accra,2001,07,15:00,70,65,77,75,84,76,69,64,74,69,71,69,69,74,72,73,61,66,76,73,88,76,82,67,68,66,61,68,89,72,60
KIAMO-Accra,2001,08,06:00,92,88,89,89,93,92,89,91,86,93,90,87,88,91,91,93,88,88,92,98,95,94,92,88,94,90,90,92,88,89,90
KIAMO-Accra,2001,08,15:00,69,73,69,70,67,69,74,83,65,65,63,76,70,68,70,75,83,80,73,74,87,76,71,69,68,69,73,67,61,70,75
KIAMO-Accra,2001,09,06:00,95,90,92,90,93,95,92,94,96,92,92,88,93,92,86,93,92,88,93,94,92,88,96,92,90,94,90,90,93,90,
KIAMO-Accra,2001,09,15:00,70,66,75,66,72,80,63,65,77,66,69,77,71,73,69,65,67,74,72,61,71,77,69,74,90,72,69,72,66,66,
KIAMO-Accra,2001,10,06:00,93,93,88,90,89,92,93,92,93,92,91,92,90,92,92,93,93,92,93,92,92,91,93,94,93,96,93,92,92,92,93
KIAMO-Accra,2001,10,15:00,86,65,68,66,65,63,71,67,64,67,63,66,67,66,68,66,63,66,71,66,67,75,66,73,66,68,66,63,68,67,66
KIAMO-Accra,2001,11,06:00,92,90,92,92,91,92,88,93,90,93,92,92,92,92,93,92,92,92,92,90,92,92,92,92,92,92,93,93,95,93,
KIAMO-Accra,2001,11,15:00,66,62,67,60,65,63,67,65,66,66,72,64,62,66,62,65,65,66,63,65,63,60,66,62,62,66,70,66,64,67,
KIAMO-Accra,2001,12,06:00,94,96,95,92,93,94,94,95,94,90,94,89,91,94,94,94,92,93,93,94,93,92,92,94,94,93,94,94,92,92,93
KIAMO-Accra,2001,12,15:00,66,66,68,64,66,70,71,64,68,68,63,61,64,63,58,73,72,68,70,65,67,65,67,66,67,66,65,69,64,64,67
KIAMO-Accra,2002,01,06:00,93,92,92,92,91,87,92,94,92,76,68,60,62,67,62,51,76,94,93,93,93,91,92,92,91,93,92,93,95,94,90
KIAMO-Accra,2002,01,15:00,61,73,61,66,63,67,59,64,66,29,41,27,53,33,36,44,57,55,63,63,62,69,69,63,68,63,52,59,35,62,63
KIAMO-Accra,2002,02,06:00,95,51,53,93,91,91,92,92,90,92,92,92,93,93,91,93,90,88,90,91,87,90,90,92,89,90,82,85,,,
KIAMO-Accra,2002,02,15:00,32,33,58,64,63,60,62,65,63,67,63,64,59,63,66,68,66,65,61,67,66,63,60,59,60,65,57,62,,,
KIAMO-Accra,2002,03,06:00,89,89,92,88,89,88,89,90,86,88,87,96,93,89,90,89,92,89,92,92,82,88,87,90,88,92,92,90,90,92,88
KIAMO-Accra,2002,03,15:00,58,55,65,63,58,62,56,66,60,51,56,65,59,61,67,62,67,59,61,71,59,62,63,70,66,72,68,64,62,57,59
KIAMO-Accra,2002,04,06:00,88,92,90,91,90,90,83,93,93,89,88,93,86,90,89,90,94,87,100,83,89,93,89,90,93,90,86,90,88,94,
KIAMO-Accra,2002,04,15:00,66,62,66,60,63,65,59,56,56,66,70,58,70,66,65,68,63,78,70,55,71,61,64,79,64,62,71,63,67,61,
KIAMO-Accra,2002,05,06:00,88,96,94,91,89,90,94,92,92,89,92,90,92,93,92,90,92,93,88,83,88,91,94,93,91,94,90,93,93,92,89
KIAMO-Accra,2002,05,15:00,60,70,65,64,67,93,63,65,62,59,65,70,72,75,67,70,64,68,63,64,67,72,71,61,64,67,72,80,79,72,65
KIAMO-Accra,2002,06,06:00,92,87,92,90,88,90,93,92,92,96,94,92,96,98,95,97,95,93,94,92,96,94,93,90,92,93,96,92,96,90,
KIAMO-Accra,2002,06,15:00,77,62,65,63,83,90,65,76,78,75,66,77,65,94,68,79,70,78,72,71,79,64,74,69,68,69,75,76,71,70,
KIAMO-Accra,2002,07,06:00,95,93,91,93,92,96,93,95,90,95,96,93,94,93,92,93,93,95,96,92,92,92,92,96,95,92,93,89,92,88,93
KIAMO-Accra,2002,07,15:00,69,72,78,79,84,72,69,71,81,79,69,79,71,69,70,79,87,86,78,76,74,78,81,85,80,76,80,77,70,75,76
KIAMO-Accra,2002,08,06:00,96,92,92,90,85,96,93,94,92,92,93,89,90,90,92,89,89,92,90,87,92,92,92,83,91,93,92,91,91,91,93
KIAMO-Accra,2002,08,15:00,84,75,73,69,92,83,78,64,64,68,68,71,74,74,71,68,68,69,67,65,93,69,63,69,64,80,62,63,72,61,65
KIAMO-Accra,2002,09,06:00,92,86,93,93,95,86,90,87,90,93,92,93,89,87,90,89,88,86,92,90,91,91,89,89,92,93,91,88,89,88,
KIAMO-Accra,2002,09,15:00,64,63,78,80,66,73,64,63,67,75,71,64,68,65,63,62,66,72,65,68,67,68,69,68,63,63,63,74,68,68,
KIAMO-Accra,2002,10,06:00,85,84,92,89,88,92,93,88,92,92,93,92,92,92,92,93,93,90,93,92,94,93,96,93,95,91,91,96,93,89,89
KIAMO-Accra,2002,10,15:00,69,69,69,66,62,67,67,68,69,67,69,69,60,80,64,64,64,63,66,65,66,72,59,64,63,64,66,68,61,68,66
KIAMO-Accra,2002,11,06:00,92,92,92,92,92,95,90,92,92,92,91,93,93,92,90,93,92,93,92,92,93,92,92,90,94,90,91,93,90,91,
KIAMO-Accra,2002,11,15:00,68,68,66,63,65,75,65,64,61,70,62,67,63,65,59,67,63,67,62,55,63,63,70,64,60,61,59,62,69,63,
KIAMO-Accra,2002,12,06:00,86,92,92,92,90,88,90,92,93,92,92,94,92,96,92,92,92,93,92,93,93,94,94,81,90,54,56,77,84,93,87
KIAMO-Accra,2002,12,15:00,64,62,67,63,66,66,66,65,64,71,61,60,66,60,62,66,62,65,59,64,68,64,51,35,22,27,27,52,55,50,63
KIAMO-Accra,2003,01,06:00,94,95,92,95,95,93,93,94,92,93,92,93,92,90,92,92,90,92,90,87,89,92,89,84,88,89,91,91,83,53,87
KIAMO-Accra,2003,01,15:00,60,63,64,63,62,64,64,68,74,69,68,78,70,64,75,60,64,66,65,63,69,64,54,68,63,66,62,60,29,41,61
KIAMO-Accra,2003,02,06:00,92,88,92,92,92,93,91,92,90,76,94,93,89,89,82,88,92,85,94,88,90,92,92,90,92,90,81,88,,,
KIAMO-Accra,2003,02,15:00,55,63,61,65,60,67,62,61,62,69,61,56,57,57,58,65,56,57,61,68,56,57,66,59,54,61,59,60,,,
KIAMO-Accra,2003,03,06:00,92,86,90,87,92,91,92,87,89,89,88,89,88,90,90,87,88,90,79,92,92,92,92,75,90,89,88,85,90,87,89
KIAMO-Accra,2003,03,15:00,58,62,72,69,56,61,60,59,66,56,58,58,64,57,56,58,63,65,69,59,60,63,66,56,61,64,63,66,66,58,63
KIAMO-Accra,2003,04,06:00,89,89,92,88,93,93,92,89,87,91,90,90,88,90,98,92,90,93,88,93,91,92,93,92,89,91,89,93,94,92,
KIAMO-Accra,2003,04,15:00,62,72,86,61,65,62,71,59,67,68,93,81,68,69,69,67,63,60,86,62,64,66,67,67,61,66,70,67,65,60,
KIAMO-Accra,2003,05,06:00,89,91,92,94,88,91,92,90,89,90,90,93,93,92,93,92,89,88,90,94,92,93,88,91,90,92,89,93,92,93,94
KIAMO-Accra,2003,05,15:00,60,63,56,64,65,67,65,61,61,66,67,65,68,61,68,68,67,66,61,59,66,62,56,66,71,60,67,74,69,69,78
KIAMO-Accra,2003,06,06:00,93,90,93,92,96,97,92,94,95,92,97,95,97,92,96,95,96,98,93,92,93,94,91,88,86,92,93,94,92,92,
KIAMO-Accra,2003,06,15:00,66,72,66,71,80,71,96,74,73,72,81,79,78,76,68,76,67,74,69,69,93,72,71,70,65,67,67,71,77,69,
KIAMO-Accra,2003,07,06:00,93,90,79,90,93,95,88,92,91,87,85,90,91,92,92,89,95,92,92,92,85,83,90,93,92,95,92,93,88,88,89
KIAMO-Accra,2003,07,15:00,68,60,59,72,64,68,66,62,59,57,64,65,67,74,66,95,75,71,84,78,68,63,58,65,69,66,69,69,74,80,67
KIAMO-Accra,2003,08,06:00,90,92,97,88,91,92,94,94,93,90,92,92,93,93,89,88,92,87,87,88,93,93,83,88,92,87,92,88,89,88,87
KIAMO-Accra,2003,08,15:00,69,73,78,67,70,74,74,63,59,68,77,84,77,71,71,72,70,70,81,77,68,65,70,68,68,63,64,69,65,69,70
KIAMO-Accra,2003,09,06:00,88,92,92,88,86,92,92,90,88,92,90,93,93,92,92,88,91,94,93,92,95,92,92,92,88,90,90,92,92,89,
KIAMO-Accra,2003,09,15:00,72,71,71,75,74,74,75,65,71,71,68,68,71,64,65,64,63,71,71,70,63,68,62,63,71,65,66,65,61,98,
KIAMO-Accra,2003,10,06:00,95,89,86,92,92,93,93,93,90,88,92,91,92,92,94,92,88,90,93,96,93,87,93,94,94,92,91,92,88,94,91
KIAMO-Accra,2003,10,15:00,65,68,66,64,65,71,70,69,68,65,60,69,66,76,66,77,78,67,70,65,64,63,60,69,68,60,59,60,66,70,70
KIAMO-Accra,2003,11,06:00,93,89,93,90,88,89,92,90,90,93,94,91,89,93,89,90,90,92,91,93,93,92,93,93,88,92,84,92,92,92,
KIAMO-Accra,2003,11,15:00,69,61,69,60,67,67,65,64,60,68,63,58,63,61,59,65,67,61,63,68,69,61,48,66,65,67,65,69,59,64,
KIAMO-Accra,2003,12,06:00,92,88,88,92,92,90,91,93,92,92,91,90,84,80,88,95,93,92,92,92,92,90,88,92,92,92,93,93,64,75,69
KIAMO-Accra,2003,12,15:00,58,66,69,68,67,71,67,66,55,61,58,65,63,63,89,63,61,60,67,66,52,66,66,66,67,73,60,36,29,53,74
KIAMO-Accra,2004,01,06:00,88,89,90,94,91,90,90,92,95,94,75,83,92,93,94,84,90,90,94,92,94,96,80,93,94,93,88,91,92,93,93
KIAMO-Accra,2004,01,15:00,61,64,59,65,65,69,66,69,71,39,54,62,70,69,66,67,57,68,68,72,65,58,55,66,59,63,67,57,60,64,61
KIAMO-Accra,2004,02,06:00,94,92,88,92,73,63,59,65,88,85,82,88,88,90,92,84,93,90,90,91,90,88,92,79,91,92,89,90,85,,
KIAMO-Accra,2004,02,15:00,63,63,65,42,33,42,35,47,42,47,49,62,66,61,96,61,53,67,68,61,65,70,62,57,58,64,57,54,67,,
KIAMO-Accra,2004,03,06:00,85,88,88,80,32,33,39,39,77,88,88,89,88,87,90,82,92,92,88,88,88,92,90,89,89,87,92,89,88,87,84
KIAMO-Accra,2004,03,15:00,58,60,62,42,28,14,22,33,58,53,57,61,65,64,66,59,57,63,63,75,61,64,62,63,64,66,62,63,69,77,64
KIAMO-Accra,2004,04,06:00,87,73,89,90,88,92,90,88,93,92,92,86,88,90,90,92,91,89,84,94,92,92,87,87,90,92,87,92,88,85,
KIAMO-Accra,2004,04,15:00,67,57,68,64,62,66,77,64,62,61,66,65,88,61,65,62,69,66,80,69,64,53,64,64,59,61,80,63,79,60,
KIAMO-Accra,2004,05,06:00,92,92,89,90,89,88,87,90,86,83,93,92,90,89,92,89,92,92,89,90,92,88,92,92,89,83,94,96,92,89,90
KIAMO-Accra,2004,05,15:00,57,63,63,58,65,66,56,66,66,63,92,64,64,74,70,66,68,73,77,70,65,73,71,74,72,84,73,58,66,65,80
KIAMO-Accra,2004,06,06:00,93,92,93,90,92,93,96,90,94,92,94,91,95,98,92,92,92,93,92,92,92,89,88,89,92,93,92,90,90,91,
KIAMO-Accra,2004,06,15:00,74,69,82,84,70,69,75,74,77,70,70,64,67,86,71,78,71,71,75,72,74,68,66,69,64,56,70,74,74,71,
KIAMO-Accra,2004,07,06:00,90,92,89,89,88,88,90,89,88,92,96,92,92,92,92,89,90,91,92,92,89,95,93,92,91,90,89,88,92,92,92
KIAMO-Accra,2004,07,15:00,79,68,72,71,67,69,76,72,75,78,73,67,64,70,71,73,71,78,72,81,86,75,65,60,66,70,67,76,77,73,73
KIAMO-Accra,2004,08,06:00,93,89,91,92,88,91,89,87,92,92,92,93,88,96,92,87,91,91,92,89,91,96,96,96,93,93,93,93,88,92,88
KIAMO-Accra,2004,08,15:00,70,71,73,65,73,72,73,76,86,78,70,54,69,80,79,72,63,61,67,68,79,75,90,75,70,76,71,63,68,67,78
KIAMO-Accra,2004,09,06:00,92,92,93,89,87,87,92,92,88,94,91,92,94,92,92,91,93,90,91,91,91,94,87,92,98,91,91,92,90,94,
KIAMO-Accra,2004,09,15:00,68,68,71,66,66,66,65,64,68,68,77,75,70,72,60,69,65,77,62,64,80,64,63,70,74,64,70,65,64,92,
KIAMO-Accra,2004,10,06:00,95,92,93,96,95,94,93,91,94,92,93,91,94,93,97,91,92,95,93,94,93,93,96,92,92,88,95,92,94,94,90
KIAMO-Accra,2004,10,15:00,70,68,71,77,76,69,67,61,69,63,74,68,75,64,75,67,78,65,66,70,94,68,64,65,87,65,67,63,91,63,66
KIAMO-Accra,2004,11,06:00,90,93,92,92,91,92,92,88,93,91,92,92,92,92,89,91,92,91,93,92,89,89,92,92,92,92,92,90,93,90,
KIAMO-Accra,2004,11,15:00,67,66,65,56,69,52,66,63,65,63,63,65,66,62,68,69,62,72,67,75,62,69,67,82,61,65,61,75,67,69,
KIAMO-Accra,2004,12,06:00,92,93,92,92,90,92,92,93,94,90,91,92,88,92,94,94,92,93,93,92,92,96,96,93,92,90,92,92,91,92,94
KIAMO-Accra,2004,12,15:00,66,54,66,67,71,65,58,64,62,63,69,69,70,66,66,68,66,63,67,70,66,59,63,61,66,60,63,60,68,70,62
KIAMO-Accra,2005,01,06:00,92,79,86,78,83,83,96,44,41,55,59,55,57,63,60,84,92,93,92,88,79,63,94,93,92,92,88,92,92,92,92
KIAMO-Accra,2005,01,15:00,69,55,58,44,57,43,21,14,16,17,25,17,39,42,36,55,60,46,48,57,39,59,60,63,70,63,61,68,56,53,65
KIAMO-Accra,2005,02,06:00,84,90,92,92,89,88,95,88,92,90,90,92,84,92,91,91,92,90,88,91,91,84,92,92,88,80,88,88,,,
KIAMO-Accra,2005,02,15:00,71,66,64,55,67,86,66,64,60,67,61,65,65,64,64,65,66,62,60,67,62,66,56,61,67,64,64,62,,,
KIAMO-Accra,2005,03,06:00,89,89,92,82,90,90,90,89,95,91,91,92,96,88,96,92,92,95,88,87,72,80,88,88,81,90,96,88,88,90,90
KIAMO-Accra,2005,03,15:00,59,58,55,56,62,60,62,63,63,64,58,60,67,69,67,65,65,58,72,74,55,67,66,49,53,64,66,59,61,58,67
KIAMO-Accra,2005,04,06:00,92,88,90,85,88,91,88,88,91,92,91,90,92,89,98,88,92,90,92,88,92,90,92,92,88,88,88,86,88,91,
KIAMO-Accra,2005,04,15:00,58,65,63,68,62,67,61,59,65,67,64,58,59,67,82,60,65,69,61,62,64,71,80,54,69,71,53,67,91,69,
KIAMO-Accra,2005,05,06:00,89,92,92,91,89,89,89,89,89,93,92,90,90,92,90,91,90,91,91,88,95,86,88,94,96,96,91,95,86,96,96
KIAMO-Accra,2005,05,15:00,66,72,74,74,65,66,64,67,65,62,55,64,63,60,58,66,79,70,72,65,66,69,85,63,69,96,71,68,74,86,72
KIAMO-Accra,2005,06,06:00,92,92,93,94,96,91,93,83,96,93,93,96,93,93,90,93,90,96,91,88,91,91,90,88,88,87,87,91,91,92,
KIAMO-Accra,2005,06,15:00,69,73,88,77,84,78,73,76,81,70,78,72,77,74,97,80,78,79,75,76,73,76,78,74,77,80,84,68,77,84,
KIAMO-Accra,2005,07,06:00,91,96,92,90,91,89,92,91,90,91,90,89,90,93,94,90,92,92,92,87,91,92,89,88,92,87,88,90,88,91,89
KIAMO-Accra,2005,07,15:00,86,94,74,70,74,66,67,73,69,61,69,70,74,76,65,69,96,77,64,70,74,67,71,70,78,77,76,71,70,65,70
KIAMO-Accra,2005,08,06:00,91,89,90,91,91,86,87,91,96,88,88,92,94,91,93,88,90,96,91,90,95,90,90,91,88,91,91,90,91,91,91
KIAMO-Accra,2005,08,15:00,71,74,64,71,74,70,75,70,63,70,77,82,70,71,69,80,83,74,67,68,66,68,91,78,71,71,67,65,74,75,67
KIAMO-Accra,2005,09,06:00,87,90,89,91,88,92,91,91,88,86,90,88,90,90,88,87,87,84,96,88,90,88,88,96,90,92,93,94,92,92,
KIAMO-Accra,2005,09,15:00,70,73,72,66,69,69,74,64,67,74,73,65,66,68,76,66,66,66,74,65,67,66,65,76,70,65,81,71,69,69,
KIAMO-Accra,2005,10,06:00,92,94,92,91,91,95,94,94,91,92,94,89,94,91,91,92,93,93,93,92,92,91,93,92,92,96,93,92,92,92,94
KIAMO-Accra,2005,10,15:00,67,71,65,71,62,61,71,72,65,73,64,65,62,66,62,57,64,63,70,70,74,65,62,83,64,70,73,71,62,73,71
KIAMO-Accra,2005,11,06:00,93,89,95,94,95,91,92,94,93,91,90,92,89,92,93,89,92,93,90,90,92,91,92,93,92,87,92,93,92,92,
KIAMO-Accra,2005,11,15:00,84,63,63,64,77,66,66,68,68,70,67,73,71,67,67,70,69,63,75,65,75,69,70,66,81,72,63,67,68,67,
KIAMO-Accra,2005,12,06:00,83,88,96,92,93,93,92,92,91,92,97,92,90,93,92,94,92,93,94,95,93,96,84,92,92,92,95,93,94,93,89
KIAMO-Accra,2005,12,15:00,78,62,63,61,66,70,58,66,73,67,74,63,66,69,67,60,65,64,67,70,55,67,70,53,70,61,62,63,67,72,69
KIAMO-Accra,2006,01,06:00,92,92,92,90,88,94,90,91,91,88,92,88,92,93,96,91,94,92,93,89,93,80,93,93,89,88,90,92,88,89,90
KIAMO-Accra,2006,01,15:00,61,69,72,68,74,63,66,74,62,60,63,67,65,61,64,78,66,65,68,63,57,60,69,65,64,66,70,71,67,55,75
KIAMO-Accra,2006,02,06:00,92,90,88,90,93,91,84,92,90,90,91,92,91,90,84,83,80,85,83,83,84,84,88,92,89,89,93,92,,,
KIAMO-Accra,2006,02,15:00,60,59,64,61,70,67,66,60,63,64,63,61,65,61,63,58,64,62,60,56,58,65,58,58,61,62,63,63,,,
KIAMO-Accra,2006,03,06:00,93,82,90,80,87,82,88,86,92,73,91,90,87,88,87,90,88,84,92,90,81,90,87,92,93,92,88,90,84,88,88
KIAMO-Accra,2006,03,15:00,61,64,63,60,64,62,65,60,65,69,61,61,62,63,62,62,61,55,59,59,64,92,57,57,58,60,69,56,53,53,55
KIAMO-Accra,2006,04,06:00,73,88,85,91,87,92,92,92,89,88,89,92,85,88,88,92,88,89,86,84,85,84,81,90,84,91,88,88,84,88,
KIAMO-Accra,2006,04,15:00,56,66,64,66,62,64,65,63,61,75,64,65,67,61,54,63,60,58,54,58,70,53,64,72,92,68,70,63,69,64,
KIAMO-Accra,2006,05,06:00,90,92,88,90,91,92,84,93,92,89,91,92,95,91,88,96,96,95,95,91,93,92,95,89,92,92,94,94,96,92,96
KIAMO-Accra,2006,05,15:00,63,57,64,59,67,66,67,70,64,65,71,65,70,60,75,79,76,69,77,86,73,66,75,68,63,67,67,91,71,64,75
KIAMO-Accra,2006,06,06:00,93,91,88,91,96,96,92,91,91,93,92,93,92,92,92,96,92,94,90,96,92,91,94,93,90,92,92,93,92,96,
KIAMO-Accra,2006,06,15:00,66,63,88,72,65,60,64,71,58,72,67,73,66,72,87,70,85,62,84,71,68,67,59,62,66,72,75,67,92,73,
KIAMO-Accra,2006,07,06:00,88,92,85,91,88,91,91,90,90,90,92,92,92,91,86,88,88,91,94,88,83,90,91,87,89,94,94,92,89,92,96
KIAMO-Accra,2006,07,15:00,68,62,81,67,80,76,80,70,62,68,71,70,63,77,72,74,68,73,74,72,72,73,73,66,67,66,63,68,69,95,71
KIAMO-Accra,2006,08,06:00,90,100,93,92,91,91,94,91,89,90,87,87,91,90,91,87,87,91,89,91,88,87,88,91,82,88,87,85,91,83,90
KIAMO-Accra,2006,08,15:00,84,85,85,77,79,70,74,70,70,67,71,73,70,75,70,76,70,69,67,72,67,69,71,70,65,73,65,75,68,70,69
KIAMO-Accra,2006,09,06:00,90,91,87,96,91,91,87,91,91,92,93,91,94,91,92,92,91,89,91,89,85,95,92,88,88,88,89,92,91,92,
KIAMO-Accra,2006,09,15:00,75,65,67,79,70,69,65,86,72,77,70,82,74,68,69,77,71,67,73,65,69,69,71,63,66,70,65,71,68,70,
KIAMO-Accra,2006,10,06:00,92,90,93,93,92,92,93,90,92,92,93,94,95,92,92,93,93,92,96,92,96,93,89,91,93,91,93,92,92,84,92
KIAMO-Accra,2006,10,15:00,71,77,68,65,63,64,68,66,66,69,74,67,71,66,72,68,63,69,94,68,69,66,71,63,67,62,63,66,64,69,66
KIAMO-Accra,2006,11,06:00,92,93,92,91,92,92,93,92,92,90,87,85,86,90,91,89,91,88,87,90,87,92,92,88,85,89,92,92,92,88,
KIAMO-Accra,2006,11,15:00,70,63,66,70,62,66,69,60,63,57,64,64,76,63,65,64,57,62,56,58,67,60,72,73,60,62,66,60,62,61,
KIAMO-Accra,2006,12,06:00,90,90,91,88,91,90,93,92,93,92,88,90,90,93,92,90,92,92,88,94,93,90,93,92,92,90,88,92,90,88,86
KIAMO-Accra,2006,12,15:00,64,63,58,60,70,52,63,61,63,50,72,61,60,56,60,61,61,65,60,60,59,60,66,62,56,40,61,60,62,66,68
KIAMO-Accra,2007,01,06:00,86,53,42,49,46,35,43,88,83,88,92,68,48,70,63,49,35,56,58,64,80,50,91,92,92,90,92,93,90,89,89
KIAMO-Accra,2007,01,15:00,36,33,32,35,21,27,48,51,56,69,32,30,38,26,31,33,29,38,28,51,24,39,58,60,59,59,66,59,64,59,63
KIAMO-Accra,2007,02,06:00,91,92,90,92,90,92,87,87,88,82,90,90,92,90,94,92,88,88,90,86,89,94,84,88,91,88,78,92,,,
KIAMO-Accra,2007,02,15:00,66,64,59,53,63,59,61,69,56,76,56,63,55,50,58,58,69,61,68,68,61,73,62,64,62,61,60,62,,,
KIAMO-Accra,2007,03,06:00,92,90,91,88,88,89,88,82,73,84,91,74,90,88,86,91,88,89,92,86,90,90,87,85,88,90,90,89,92,92,90
KIAMO-Accra,2007,03,15:00,63,58,56,64,58,58,61,63,69,56,57,64,63,60,56,76,62,60,58,51,60,58,59,68,64,98,59,61,67,77,68
KIAMO-Accra,2007,04,06:00,89,89,81,90,89,92,94,95,92,92,91,91,92,92,88,81,89,88,92,92,91,91,83,86,88,88,88,86,90,92,
KIAMO-Accra,2007,04,15:00,57,63,60,67,84,66,71,65,68,67,60,63,68,63,64,70,63,59,54,64,63,67,53,66,66,64,65,64,56,60,
KIAMO-Accra,2007,05,06:00,89,88,88,85,84,84,84,88,84,87,93,96,87,84,88,88,86,92,92,92,89,92,92,89,88,92,92,87,93,97,93
KIAMO-Accra,2007,05,15:00,59,60,63,65,63,55,58,64,60,58,73,62,69,60,67,62,62,67,55,60,92,62,61,70,67,65,90,60,81,62,63
KIAMO-Accra,2007,06,06:00,90,93,95,96,92,93,91,91,91,92,93,92,92,92,92,92,91,83,89,92,92,92,89,93,95,92,87,92,95,93,
KIAMO-Accra,2007,06,15:00,67,95,90,68,78,82,83,69,74,74,74,77,71,71,69,80,71,71,69,73,72,70,67,76,76,68,68,70,79,68,
KIAMO-Accra,2007,07,06:00,88,93,88,89,96,96,94,94,94,91,93,94,92,91,88,89,91,97,93,92,97,91,92,92,90,92,96,91,87,91,91
KIAMO-Accra,2007,07,15:00,63,66,70,74,89,83,86,68,70,66,65,61,71,71,69,73,77,83,71,68,80,75,74,68,77,88,80,66,66,64,61
KIAMO-Accra,2007,08,06:00,89,88,91,86,89,86,89,91,87,91,96,94,89,92,92,90,89,87,92,87,90,96,89,91,90,90,87,84,93,88,91
KIAMO-Accra,2007,08,15:00,59,70,66,72,73,64,62,55,71,63,72,74,70,74,69,72,61,71,69,75,96,73,61,71,66,65,67,73,67,75,79
KIAMO-Accra,2007,09,06:00,96,96,93,88,96,96,96,93,91,93,91,94,91,91,92,88,92,91,92,88,95,91,92,92,91,92,92,88,88,92,
KIAMO-Accra,2007,09,15:00,95,76,77,74,88,75,66,67,75,68,65,77,68,71,69,73,68,75,69,70,71,62,67,69,69,70,57,68,69,63,
KIAMO-Accra,2007,10,06:00,91,92,91,91,91,94,92,94,96,96,91,91,92,91,96,92,93,92,83,91,91,91,92,95,94,92,92,92,92,87,90
KIAMO-Accra,2007,10,15:00,67,75,62,72,67,71,74,75,85,67,67,62,66,71,65,66,60,68,76,63,58,60,66,68,72,62,96,66,63,65,64
KIAMO-Accra,2007,11,06:00,90,91,91,93,88,91,92,92,91,90,93,87,92,92,92,94,92,90,92,91,94,89,90,92,92,90,92,92,90,94,
KIAMO-Accra,2007,11,15:00,66,67,75,67,61,66,65,60,65,68,61,71,66,62,67,65,63,67,61,61,78,74,66,66,68,69,65,61,63,63,
KIAMO-Accra,2007,12,06:00,93,92,92,87,91,90,80,92,92,92,92,92,89,91,92,92,89,92,92,94,92,93,92,92,89,88,91,91,91,93,93
KIAMO-Accra,2007,12,15:00,64,64,69,74,63,64,69,59,66,60,65,55,63,65,60,64,66,66,59,58,63,60,63,60,64,61,63,63,64,63,57
KIAMO-Accra,2008,01,06:00,92,68,75,70,78,85,68,41,47,54,60,87,93,92,90,90,87,91,53,63,72,48,62,54,69,48,70,41,76,56,59
KIAMO-Accra,2008,01,15:00,42,46,45,39,57,68,27,18,32,37,42,62,60,66,68,91,56,26,38,28,28,30,24,26,28,27,27,29,28,26,31
KIAMO-Accra,2008,02,06:00,60,81,92,93,90,90,92,93,91,92,93,93,93,91,87,90,91,87,92,88,90,88,90,88,86,90,89,82,89,,
KIAMO-Accra,2008,02,15:00,45,57,60,66,70,63,63,61,63,59,61,58,53,57,52,66,59,58,54,56,58,53,56,65,63,60,57,62,71,,
KIAMO-Accra,2008,03,06:00,88,90,87,90,90,86,86,91,86,88,92,90,92,88,90,92,91,84,82,81,92,90,90,86,90,84,86,90,90,86,89
KIAMO-Accra,2008,03,15:00,64,64,65,68,62,69,48,56,66,78,60,60,61,65,63,59,65,54,68,59,64,64,62,72,61,63,66,62,63,63,88
KIAMO-Accra,2008,04,06:00,83,92,92,88,84,92,91,92,92,92,92,88,91,88,90,91,90,87,93,91,92,91,94,92,94,87,90,92,94,92,
KIAMO-Accra,2008,04,15:00,63,67,74,58,71,65,63,66,61,66,70,66,68,61,63,61,95,66,63,64,67,67,58,61,81,66,91,70,88,65,
KIAMO-Accra,2008,05,06:00,91,88,98,86,92,96,95,92,92,92,87,87,88,93,93,90,91,89,91,91,92,93,91,86,96,95,92,94,94,96,92
KIAMO-Accra,2008,05,15:00,64,69,73,70,81,65,65,67,67,63,86,69,71,72,60,88,63,63,86,69,66,63,61,73,71,66,64,74,77,67,66
KIAMO-Accra,2008,06,06:00,92,93,89,91,92,93,96,90,91,92,95,92,93,91,87,91,92,93,89,92,92,91,91,91,92,92,91,92,93,91,
KIAMO-Accra,2008,06,15:00,71,63,91,67,65,77,79,65,71,72,65,69,77,79,62,76,88,77,70,64,69,67,71,74,74,68,68,73,78,73,
KIAMO-Accra,2008,07,06:00,93,92,91,92,92,93,85,91,89,91,85,87,89,93,88,90,91,88,89,89,94,88,95,91,96,92,92,92,91,91,95
KIAMO-Accra,2008,07,15:00,79,71,67,62,67,62,69,67,69,66,66,65,68,69,77,63,61,71,81,73,61,96,74,70,74,73,80,63,69,70,85
KIAMO-Accra,2008,08,06:00,94,92,89,91,91,91,89,92,87,91,87,88,92,87,86,88,91,89,91,91,87,87,92,92,88,92,92,89,96,92,92
KIAMO-Accra,2008,08,15:00,86,70,73,68,71,71,71,79,64,63,57,66,75,70,84,85,70,66,64,63,65,69,64,66,77,73,62,96,84,73,71
KIAMO-Accra,2008,09,06:00,90,90,91,93,94,91,91,88,92,88,89,90,87,91,90,91,87,92,94,93,90,89,92,93,90,92,88,91,94,90,
KIAMO-Accra,2008,09,15:00,69,78,71,75,73,71,64,69,62,66,71,62,70,67,65,68,63,80,86,68,64,74,71,67,64,69,66,61,68,66,
KIAMO-Accra,2008,10,06:00,92,91,92,88,89,88,91,96,88,92,92,91,92,88,92,92,92,92,90,90,89,93,94,95,93,92,92,87,92,89,95
KIAMO-Accra,2008,10,15:00,68,65,71,65,66,66,68,65,67,71,71,64,66,73,60,64,65,68,60,61,71,66,66,61,64,70,73,66,71,63,67
KIAMO-Accra,2008,11,06:00,89,92,90,93,96,92,92,91,88,87,91,91,93,95,88,92,92,93,90,87,92,95,92,90,93,90,89,92,94,92,
KIAMO-Accra,2008,11,15:00,66,68,66,69,62,65,61,65,58,66,58,63,66,65,68,67,61,70,66,62,65,64,67,67,64,67,66,66,61,74,
KIAMO-Accra,2008,12,06:00,81,93,92,88,88,95,88,87,92,92,93,94,92,93,94,93,84,92,91,93,93,95,93,92,96,92,81,92,93,90,94
KIAMO-Accra,2008,12,15:00,71,65,66,68,98,73,62,68,69,60,66,71,63,66,57,70,63,64,69,59,63,62,58,64,65,47,48,60,63,64,67
KIAMO-Accra,2009,01,06:00,94,92,91,90,90,93,93,91,90,92,92,92,92,92,91,94,92,90,88,64,45,40,44,39,45,63,88,92,92,92,91
KIAMO-Accra,2009,01,15:00,65,65,63,64,63,67,66,60,70,62,63,61,62,62,55,66,63,56,30,32,31,29,29,23,22,30,51,60,60,60,66
KIAMO-Accra,2009,02,06:00,90,96,93,93,93,92,92,94,93,93,92,90,91,92,93,89,91,87,90,89,90,92,92,90,93,92,92,92,,,
KIAMO-Accra,2009,02,15:00,55,62,63,66,63,66,66,65,72,59,66,62,63,61,46,60,64,65,55,57,60,64,64,67,62,61,67,62,,,
KIAMO-Accra,2009,03,06:00,92,92,94,91,92,91,84,91,85,93,94,89,88,89,88,80,88,92,83,88,90,88,92,92,92,91,90,88,84,85,88
KIAMO-Accra,2009,03,15:00,61,84,66,62,63,69,67,61,66,61,67,61,64,57,65,71,66,48,60,58,63,63,60,61,65,61,61,63,68,66,67
KIAMO-Accra,2009,04,06:00,88,88,90,90,84,92,91,77,92,91,92,92,90,94,91,92,95,94,91,91,96,93,94,94,89,92,93,92,92,93,
KIAMO-Accra,2009,04,15:00,72,56,64,67,69,61,65,81,64,55,59,66,88,67,63,83,65,62,72,58,64,62,66,66,63,66,74,56,73,68,
KIAMO-Accra,2009,05,06:00,92,84,95,88,93,92,92,92,92,97,94,92,92,92,92,92,90,90,92,84,88,90,87,90,82,88,90,90,92,84,91
KIAMO-Accra,2009,05,15:00,70,65,68,65,79,66,81,66,69,81,67,66,68,68,57,63,63,63,64,69,60,75,52,61,84,56,52,58,75,71,66
KIAMO-Accra,2009,06,06:00,93,92,95,92,92,88,92,92,89,81,90,96,92,95,92,95,93,92,92,89,93,86,92,93,92,92,92,93,93,94,
KIAMO-Accra,2009,06,15:00,64,66,68,70,68,71,66,63,75,66,88,67,81,73,69,76,70,67,62,77,77,66,69,77,74,88,79,95,64,72,
KIAMO-Accra,2009,07,06:00,92,88,94,94,93,93,93,97,96,93,84,95,90,90,92,93,90,92,91,91,88,88,90,91,88,87,91,91,91,91,88
KIAMO-Accra,2009,07,15:00,67,67,68,76,74,81,75,92,93,82,71,72,67,77,67,65,77,76,70,68,76,71,70,68,81,67,76,76,70,76,84
KIAMO-Accra,2009,08,06:00,92,91,91,90,91,91,91,88,87,91,91,88,90,95,88,91,90,87,91,87,90,91,91,84,91,91,91,88,85,89,89
KIAMO-Accra,2009,08,15:00,67,74,73,77,77,77,73,69,70,67,68,78,84,71,66,70,66,77,67,73,73,65,73,69,90,72,70,71,77,71,68
KIAMO-Accra,2009,09,06:00,90,89,89,87,85,88,88,87,88,88,88,89,87,92,87,85,87,88,87,83,86,85,87,87,93,90,88,92,92,88,
KIAMO-Accra,2009,09,15:00,69,78,62,74,65,68,67,62,66,81,68,67,70,68,72,66,62,62,61,66,61,66,67,64,87,67,65,71,69,66,
KIAMO-Accra,2009,10,06:00,91,89,92,91,90,91,89,88,91,89,89,88,92,92,92,94,91,89,89,88,88,88,90,88,89,89,90,90,86,90,92
KIAMO-Accra,2009,10,15:00,67,68,68,61,66,63,72,65,69,66,69,66,77,73,69,68,69,73,74,71,67,70,62,63,60,66,66,68,76,65,60
KIAMO-Accra,2009,11,06:00,92,91,88,92,87,89,90,92,93,92,92,90,92,89,93,92,92,92,89,92,92,90,89,88,91,89,92,90,88,88,
KIAMO-Accra,2009,11,15:00,63,70,69,66,68,69,66,71,58,62,60,68,69,69,66,57,63,58,60,58,63,56,61,61,60,64,66,67,64,56,
KIAMO-Accra,2009,12,06:00,86,88,90,88,89,91,90,89,92,87,90,92,88,92,88,91,92,93,92,94,93,90,92,90,93,92,92,96,92,92,91
KIAMO-Accra,2009,12,15:00,61,61,66,62,64,61,64,62,62,69,75,66,66,62,58,64,61,64,69,69,66,60,69,71,65,61,61,62,58,66,64
KIAMO-Accra,2010,01,06:00,92,92,93,91,92,84,92,92,88,93,92,92,89,90,86,91,92,92,95,91,94,93,93,94,91,94,92,92,95,93,90
KIAMO-Accra,2010,01,15:00,68,60,60,64,65,65,69,66,61,65,55,58,60,64,72,63,62,67,65,65,63,65,57,61,74,73,78,67,56,65,54
KIAMO-Accra,2010,02,06:00,94,90,93,85,94,92,94,93,91,90,92,92,88,96,91,94,92,90,92,92,89,88,88,88,81,91,93,80,,,
KIAMO-Accra,2010,02,15:00,62,63,64,61,64,58,57,61,62,64,64,65,59,75,60,60,61,61,66,61,67,67,61,64,48,70,58,59,,,
KIAMO-Accra,2010,03,06:00,91,90,91,84,88,92,85,88,88,90,92,87,86,84,80,91,92,89,91,88,88,89,91,92,89,90,80,89,88,88,83
KIAMO-Accra,2010,03,15:00,60,56,59,67,68,61,55,62,67,56,64,72,67,73,62,69,51,57,68,73,73,65,66,68,57,66,58,61,63,67,64
KIAMO-Accra,2010,04,06:00,90,89,90,89,88,87,86,92,85,92,90,88,92,89,84,88,91,80,85,86,79,88,88,85,87,91,92,88,88,93,
KIAMO-Accra,2010,04,15:00,59,64,65,62,67,54,52,65,63,68,61,59,60,62,57,69,63,51,66,61,69,66,76,66,64,67,57,71,64,61,
KIAMO-Accra,2010,05,06:00,90,88,87,92,90,88,85,88,88,89,91,88,87,83,88,88,88,92,90,90,88,92,90,88,93,92,92,96,94,92,93
KIAMO-Accra,2010,05,15:00,61,66,58,61,67,62,72,61,63,63,62,62,62,60,65,62,92,68,66,72,66,63,65,67,67,90,74,71,79,78,75
KIAMO-Accra,2010,06,06:00,100,94,96,93,96,96,89,93,95,96,92,92,87,94,92,96,95,95,94,88,94,96,96,87,92,90,89,91,91,84,
KIAMO-Accra,2010,06,15:00,75,79,66,96,72,71,66,68,77,71,74,67,78,76,75,91,68,78,72,96,82,74,72,74,74,83,70,74,72,69,
KIAMO-Accra,2010,07,06:00,89,96,93,93,88,92,92,96,93,92,88,91,92,92,92,96,87,91,89,87,86,90,91,80,91,87,96,94,95,87,91
KIAMO-Accra,2010,07,15:00,76,71,68,72,68,79,71,65,75,82,71,67,74,76,82,94,75,71,61,67,64,67,73,58,64,68,71,70,65,73,61
KIAMO-Accra,2010,08,06:00,91,93,87,87,91,87,90,88,92,87,88,96,91,87,92,92,88,94,91,88,94,92,91,87,91,92,88,93,92,96,93
KIAMO-Accra,2010,08,15:00,61,65,68,63,60,65,68,84,71,68,89,73,72,70,71,64,92,70,68,83,81,70,74,74,72,74,67,75,80,70,73
KIAMO-Accra,2010,09,06:00,90,92,91,88,89,92,89,87,91,95,88,90,92,90,89,94,92,88,96,93,93,92,92,94,93,95,93,92,92,93,
KIAMO-Accra,2010,09,15:00,70,65,68,70,77,74,68,80,71,74,74,72,71,77,75,68,75,84,68,88,74,66,77,75,69,68,72,65,67,74,
KIAMO-Accra,2010,10,06:00,92,92,92,89,92,92,92,92,92,94,91,92,92,92,92,92,87,92,92,90,88,87,92,87,90,91,93,92,92,88,92
KIAMO-Accra,2010,10,15:00,69,66,77,69,65,66,69,67,63,71,67,65,66,89,70,64,68,62,64,75,69,65,68,60,69,78,66,65,60,69,66
KIAMO-Accra,2010,11,06:00,96,87,90,92,91,96,92,92,92,90,90,84,86,93,92,92,92,95,92,92,95,93,94,93,91,92,92,87,91,92,
KIAMO-Accra,2010,11,15:00,80,65,61,67,65,71,65,70,68,63,63,69,66,67,65,66,65,73,66,59,70,70,73,68,62,69,67,65,66,68,
KIAMO-Accra,2010,12,06:00,93,92,92,93,91,91,91,88,92,92,92,92,92,92,92,94,94,96,92,94,94,92,92,93,93,94,90,92,94,94,92
KIAMO-Accra,2010,12,15:00,67,65,60,64,66,72,63,64,65,66,64,68,63,64,65,66,67,68,65,63,69,68,64,62,64,63,66,75,60,77,45
KIAMO-Accra,2011,01,06:00,69,68,89,93,92,88,88,92,83,69,65,73,69,70,79,80,65,57,83,91,98,92,88,91,89,88,92,92,92,88,92
KIAMO-Accra,2011,01,15:00,35,33,53,69,58,66,65,51,35,32,39,34,42,27,49,46,28,48,62,65,56,62,58,64,61,68,63,62,65,62,66
KIAMO-Accra,2011,02,06:00,92,84,88,83,88,84,92,90,87,84,91,92,90,84,80,89,92,88,78,89,81,88,91,87,88,89,89,85,,,
KIAMO-Accra,2011,02,15:00,63,61,58,56,63,58,60,59,54,94,53,58,50,54,56,63,68,61,59,57,59,56,71,59,64,58,65,57,,,
KIAMO-Accra,2011,03,06:00,89,82,90,86,88,88,90,93,87,85,88,88,87,90,84,76,81,92,86,84,88,84,86,88,85,86,85,88,86,86,87
KIAMO-Accra,2011,03,15:00,62,66,63,56,64,62,58,66,67,57,58,58,59,58,56,62,68,62,59,61,61,62,61,61,59,58,59,62,58,64,63
KIAMO-Accra,2011,04,06:00,87,88,84,87,81,92,91,81,88,88,88,88,87,84,86,81,86,91,88,89,91,88,85,91,90,88,92,88,92,87,
KIAMO-Accra,2011,04,15:00,65,59,75,59,56,67,64,56,56,58,50,61,64,56,59,61,70,74,53,67,61,59,66,68,58,63,62,67,63,52,
KIAMO-Accra,2011,05,06:00,89,90,90,96,87,92,90,89,76,86,87,92,86,92,87,88,89,90,93,91,92,92,92,92,89,88,88,88,92,88,91
KIAMO-Accra,2011,05,15:00,61,69,65,75,66,68,60,66,66,74,56,66,67,81,67,64,68,71,73,67,70,75,68,66,74,80,70,68,65,91,72
KIAMO-Accra,2011,06,06:00,89,92,92,90,89,89,89,88,90,92,90,92,88,91,92,90,90,88,88,92,87,90,92,88,92,92,91,87,92,84,
KIAMO-Accra,2011,06,15:00,79,66,66,69,71,64,73,68,74,69,70,89,64,68,70,67,68,74,76,71,77,76,81,74,77,74,70,73,77,81,
KIAMO-Accra,2011,07,06:00,92,92,86,94,90,86,92,91,89,91,91,91,92,87,87,89,88,90,87,88,89,90,87,87,83,83,87,91,83,85,88
KIAMO-Accra,2011,07,15:00,71,72,93,64,67,72,71,74,75,95,76,70,71,65,64,67,66,64,64,70,87,73,67,67,64,71,65,68,71,71,64
KIAMO-Accra,2011,08,06:00,87,87,92,91,91,87,89,87,90,87,87,87,91,87,89,91,91,87,87,88,85,83,86,86,87,91,91,90,87,87,87
KIAMO-Accra,2011,08,15:00,70,78,70,80,83,80,68,65,69,67,63,74,78,79,79,77,67,63,56,55,54,64,70,65,63,78,74,73,73,66,73
KIAMO-Accra,2011,09,06:00,87,81,85,93,86,84,88,85,87,89,91,85,92,84,87,88,87,87,92,89,87,89,90,98,88,89,91,87,92,90,
KIAMO-Accra,2011,09,15:00,73,60,64,70,69,71,65,67,74,74,63,62,66,67,70,70,67,68,65,74,77,62,60,68,63,88,67,73,72,72,
KIAMO-Accra,2011,10,06:00,90,89,91,92,89,89,90,88,92,91,89,89,90,92,92,93,93,92,91,94,91,86,83,92,95,94,95,91,92,89,91
KIAMO-Accra,2011,10,15:00,89,66,63,65,71,67,68,71,68,80,73,75,80,69,72,69,75,81,71,62,68,76,61,65,75,68,52,66,65,67,71
KIAMO-Accra,2011,11,06:00,92,92,92,92,92,91,92,93,90,92,92,88,92,92,93,94,97,92,93,93,93,90,86,91,95,92,94,95,92,94,
KIAMO-Accra,2011,11,15:00,69,77,69,69,69,72,73,64,64,69,69,69,56,65,74,70,68,67,66,73,61,65,69,65,70,74,73,70,77,75,
KIAMO-Accra,2011,12,06:00,96,92,96,92,94,96,96,96,92,92,92,93,85,75,91,86,87,92,88,78,94,92,94,96,95,92,96,96,95,87,87
KIAMO-Accra,2011,12,15:00,73,76,64,59,71,67,78,65,66,69,64,52,37,55,54,48,56,55,67,64,71,64,73,71,73,73,73,79,72,62,43
KIAMO-Accra,2012,01,06:00,79,96,95,92,92,94,92,93,93,93,96,92,92,82,75,76,61,87,92,92,94,91,91,90,89,92,92,87,79,89,88
KIAMO-Accra,2012,01,15:00,54,64,64,54,64,70,76,72,64,71,65,61,40,25,23,34,46,66,73,70,53,67,67,60,64,67,63,87,62,63,63
KIAMO-Accra,2012,02,06:00,92,89,87,88,89,86,72,58,52,54,88,89,88,88,91,88,90,92,92,92,92,92,95,85,92,92,92,90,87,,
KIAMO-Accra,2012,02,15:00,70,69,69,62,66,68,26,29,30,59,62,69,69,75,70,66,72,73,81,72,78,73,72,63,75,66,72,72,77,,
KIAMO-Accra,2012,03,06:00,93,96,89,96,93,92,97,93,92,92,88,94,90,88,85,87,88,91,88,90,88,92,86,88,88,78,90,88,91,90,92
KIAMO-Accra,2012,03,15:00,75,74,70,68,72,79,61,69,69,65,70,67,65,70,67,63,71,68,71,65,67,67,62,76,65,55,59,67,65,77,67
KIAMO-Accra,2012,04,06:00,92,91,86,89,95,88,91,92,89,85,84,84,89,86,88,90,88,92,92,87,88,90,91,88,91,91,91,92,92,92,
KIAMO-Accra,2012,04,15:00,69,70,74,78,50,61,67,67,75,54,58,65,64,75,70,69,89,66,60,65,62,68,67,66,87,58,68,66,64,63,
KIAMO-Accra,2012,05,06:00,90,93,88,95,84,92,85,89,88,88,84,87,88,88,91,89,88,88,88,91,92,91,88,90,91,88,87,88,89,90,92
KIAMO-Accra,2012,05,15:00,60,59,64,58,58,61,67,63,62,46,57,58,74,60,61,66,55,58,98,69,91,59,53,61,66,69,62,76,68,79,72
KIAMO-Accra,2012,06,06:00,92,88,80,89,88,84,89,89,93,88,88,93,88,86,88,89,92,88,88,88,88,87,84,87,92,89,91,91,91,87,
KIAMO-Accra,2012,06,15:00,59,61,72,59,69,71,57,66,65,66,67,73,71,77,67,65,89,70,64,57,71,69,64,74,77,92,76,77,72,68,
KIAMO-Accra,2012,07,06:00,86,90,91,91,90,94,91,88,87,84,91,87,84,84,84,90,87,84,87,91,87,85,87,81,89,87,83,82,83,83,85
KIAMO-Accra,2012,07,15:00,74,76,74,76,71,64,61,70,68,65,61,63,68,74,71,64,64,64,66,68,65,64,77,72,76,64,67,70,70,64,69
KIAMO-Accra,2012,08,06:00,87,88,78,87,86,87,85,87,87,85,83,85,87,83,85,85,87,85,91,87,89,86,91,87,85,87,84,87,88,87,84
KIAMO-Accra,2012,08,15:00,75,65,67,72,70,64,73,74,63,62,68,70,62,61,67,57,64,80,76,65,64,79,70,63,64,63,63,74,64,60,58
KIAMO-Accra,2012,09,06:00,83,83,85,91,83,85,83,88,84,87,83,87,85,87,87,85,85,87,83,92,88,85,85,85,84,92,88,92,87,90,
KIAMO-Accra,2012,09,15:00,70,72,70,66,65,68,58,66,63,61,64,65,63,74,70,66,59,63,64,74,66,65,65,64,68,65,72,71,88,66,
KIAMO-Accra,2012,10,06:00,88,90,91,88,88,88,94,92,90,85,88,90,88,89,88,88,88,86,84,91,88,92,90,95,88,92,90,87,90,88,90
KIAMO-Accra,2012,10,15:00,69,68,74,68,68,68,68,64,67,64,77,71,74,61,65,64,65,60,93,65,65,67,60,67,68,66,62,58,67,64,60
KIAMO-Accra,2012,11,06:00,92,88,89,87,86,88,88,89,88,87,90,85,90,88,89,88,90,89,88,86,86,86,88,88,88,88,88,88,86,89,
KIAMO-Accra,2012,11,15:00,63,62,61,60,57,61,61,60,73,67,62,89,63,62,56,64,64,60,65,66,65,54,63,58,55,71,60,62,58,60,
KIAMO-Accra,2012,12,06:00,88,88,87,88,89,92,87,93,92,92,92,92,92,90,92,93,92,92,90,93,93,92,92,91,92,90,87,92,90,92,82
KIAMO-Accra,2012,12,15:00,53,73,69,74,66,86,76,68,66,66,72,67,65,65,64,72,63,65,70,67,66,45,64,63,55,78,60,58,65,65,53
KIAMO-Accra,2013,02,06:00,89,68,80,88,90,88,88,84,92,84,87,88,85,88,88,86,82,85,84,86,88,86,87,85,85,85,87,86,,,
KIAMO-Accra,2013,02,15:00,29,37,57,70,70,65,62,68,61,64,61,70,64,53,56,64,66,71,66,60,61,57,64,71,64,62,56,56,,,
KIAMO-Accra,2013,03,06:00,88,87,84,81,83,92,88,85,85,82,88,90,88,88,83,80,89,88,88,87,89,88,88,81,92,90,86,86,84,84,79
KIAMO-Accra,2013,03,15:00,58,58,59,66,50,61,64,53,67,67,61,56,56,53,54,66,62,56,54,62,72,61,52,64,62,56,63,62,57,54,63
KIAMO-Accra,2013,04,06:00,86,91,92,88,86,92,81,86,76,86,90,89,92,84,88,86,87,84,88,86,87,91,76,84,92,84,94,87,88,90,
KIAMO-Accra,2013,04,15:00,61,71,63,64,61,61,57,51,75,56,58,61,58,62,60,61,58,71,63,66,66,72,53,55,53,74,58,61,58,64,
KIAMO-Accra,2013,05,06:00,90,92,92,85,84,88,83,80,84,87,89,93,92,90,90,92,86,87,88,88,88,91,83,88,92,90,94,87,88,88,88
KIAMO-Accra,2013,05,15:00,79,58,59,65,61,61,61,85,64,57,89,66,78,60,77,63,61,56,63,71,61,63,56,65,69,74,66,63,63,71,68
KIAMO-Accra,2013,06,06:00,92,90,88,91,88,89,91,92,92,91,90,88,92,91,92,90,89,93,90,85,87,92,84,87,84,90,87,88,88,91,
KIAMO-Accra,2013,06,15:00,71,64,81,68,71,74,71,76,91,73,68,71,77,70,76,71,69,71,69,65,71,69,64,63,57,62,72,65,70,71,
KIAMO-Accra,2013,07,06:00,80,91,83,87,91,88,88,83,89,86,84,88,87,92,92,89,87,84,84,87,84,87,83,83,94,89,87,91,91,87,91
KIAMO-Accra,2013,07,15:00,76,61,67,72,81,64,64,67,66,63,67,66,63,74,92,62,62,65,73,70,73,69,70,77,80,67,77,86,79,81,84
KIAMO-Accra,2013,08,06:00,90,83,87,88,87,83,91,88,83,91,86,83,87,83,81,87,79,82,83,84,86,87,82,85,84,83,83,86,87,92,86
KIAMO-Accra,2013,08,15:00,76,72,67,61,70,67,69,64,61,52,63,60,60,63,63,70,63,61,67,67,68,66,66,61,64,60,58,73,70,64,68
KIAMO-Accra,2013,09,06:00,91,91,91,87,84,96,91,91,87,86,91,89,93,90,89,89,88,86,88,96,92,88,93,97,91,96,92,96,92,92,
KIAMO-Accra,2013,09,15:00,73,70,66,65,66,80,63,71,68,70,72,67,80,70,69,70,68,71,68,71,72,71,93,96,76,68,79,77,71,65,
KIAMO-Accra,2013,10,06:00,87,87,87,92,92,92,93,88,87,91,83,94,92,92,92,83,89,90,88,90,92,95,94,95,92,92,96,96,95,96,96
KIAMO-Accra,2013,10,15:00,63,65,67,74,71,66,65,59,60,59,68,65,66,66,68,65,66,69,66,65,70,66,60,75,69,69,73,71,81,66,68
KIAMO-Accra,2013,11,06:00,93,89,91,93,92,90,92,93,92,92,84,92,93,93,96,92,92,90,90,92,94,93,93,92,96,92,92,91,92,91,
KIAMO-Accra,2013,11,15:00,68,72,60,66,69,60,67,66,69,69,67,69,81,74,74,62,57,66,65,66,67,71,72,85,74,63,64,61,66,67,
KIAMO-Accra,2013,12,06:00,87,88,92,96,91,96,96,87,88,88,92,96,93,88,96,93,81,83,70,91,87,92,93,92,84,96,92,93,92,92,87
KIAMO-Accra,2013,12,15:00,69,68,68,72,72,72,63,65,52,66,67,67,69,71,54,56,44,37,61,52,56,63,63,62,53,60,65,62,68,71,66
KIAMO-Accra,2014,01,06:00,91,91,91,92,93,92,92,90,92,89,92,92,89,92,92,92,92,90,88,92,91,90,90,84,89,83,88,80,88,92,92
KIAMO-Accra,2014,01,15:00,62,60,64,63,63,66,60,63,66,62,63,66,63,68,61,67,66,61,60,62,67,58,68,61,66,65,55,67,63,69,92
KIAMO-Accra,2014,02,06:00,92,80,68,67,92,92,90,88,92,90,85,92,92,90,84,92,88,92,90,92,93,92,88,85,87,90,95,92,,,
KIAMO-Accra,2014,02,15:00,52,50,45,57,59,60,64,55,65,63,63,65,70,70,60,69,63,58,56,68,61,59,61,75,61,72,63,64,,,
KIAMO-Accra,2014,03,06:00,88,84,92,90,88,87,92,93,80,92,92,92,94,94,94,90,88,92,84,90,85,88,87,84,88,90,88,88,84,92,92
KIAMO-Accra,2014,03,15:00,55,57,64,56,61,94,66,64,61,67,74,63,64,64,64,65,65,65,61,64,58,58,58,69,63,57,70,61,55,53,80
KIAMO-Accra,2014,04,06:00,91,96,92,94,92,92,94,91,89,88,88,88,92,91,92,92,90,88,94,90,92,93,90,92,91,92,84,87,91,86,
KIAMO-Accra,2014,04,15:00,51,64,88,64,66,69,66,70,69,71,85,64,77,66,64,64,68,62,60,67,65,64,71,74,70,61,64,67,72,70,
KIAMO-Accra,2014,05,06:00,92,87,91,92,88,81,93,88,93,84,84,92,92,91,93,88,92,92,90,96,96,96,93,93,96,96,93,91,90,92,92
KIAMO-Accra,2014,05,15:00,59,58,56,61,70,90,86,85,63,53,69,65,63,70,69,58,62,61,56,73,69,71,74,69,64,69,99,71,84,61,64
KIAMO-Accra,2014,06,06:00,90,88,92,88,92,95,94,91,92,92,89,92,96,91,90,91,89,88,89,92,89,93,92,88,87,89,92,96,91,94,
KIAMO-Accra,2014,06,15:00,78,66,63,65,98,71,76,66,76,77,96,71,87,68,68,72,73,72,70,65,74,68,73,65,70,74,76,70,81,73,
KIAMO-Accra,2014,07,06:00,94,93,93,87,96,96,88,96,93,93,92,96,91,89,89,97,96,92,92,92,92,92,91,96,91,91,92,96,91,93,92
KIAMO-Accra,2014,07,15:00,81,90,77,84,83,88,67,70,68,69,68,66,68,67,72,87,92,76,71,77,79,74,86,80,73,70,76,75,71,71,80
KIAMO-Accra,2014,08,06:00,92,92,93,96,92,97,96,96,96,96,91,91,89,79,89,87,96,91,87,92,93,91,91,91,88,96,96,91,88,89,88
KIAMO-Accra,2014,08,15:00,75,80,81,77,80,88,89,82,72,70,64,71,73,66,64,80,74,63,84,80,73,70,73,68,74,95,75,75,77,72,77
KIAMO-Accra,2014,09,06:00,92,93,91,89,91,92,91,89,87,87,87,91,93,91,96,92,94,97,95,94,96,93,92,97,96,92,95,96,92,94,
KIAMO-Accra,2014,09,15:00,78,73,68,77,79,72,74,70,68,63,67,78,65,77,68,89,84,88,76,75,77,76,71,92,74,78,77,79,72,78,
KIAMO-Accra,2014,10,06:00,100,97,91,93,96,91,88,92,92,94,92,96,92,91,92,92,90,88,92,97,95,94,95,93,92,96,96,92,96,94,96
KIAMO-Accra,2014,10,15:00,84,66,68,68,69,68,65,68,65,65,82,71,67,66,68,64,66,71,90,78,68,72,62,68,69,78,73,69,71,61,69
KIAMO-Accra,2014,11,06:00,96,92,95,93,96,96,96,96,96,92,92,90,96,94,96,96,96,84,95,96,96,96,92,92,92,97,96,92,95,92,
KIAMO-Accra,2014,11,15:00,69,66,63,91,99,71,72,69,64,69,75,67,72,71,67,70,73,75,61,69,70,69,74,70,75,72,73,64,72,61,
KIAMO-Accra,2014,12,06:00,96,92,93,92,92,96,96,92,95,96,96,92,89,92,92,93,96,96,95,96,92,89,92,93,96,98,91,68,82,92,88
KIAMO-Accra,2014,12,15:00,73,73,79,70,71,74,75,73,73,67,72,62,63,58,67,69,67,58,58,68,64,68,66,70,61,54,60,36,49,58,35
KIAMO-Accra,2015,02,06:00,96,96,96,98,94,92,91,96,94,92,97,91,95,92,91,90,92,88,99,90,93,88,86,92,93,89,92,92,,,
KIAMO-Accra,2015,02,15:00,70,72,76,70,65,61,67,70,67,67,64,48,67,68,58,69,62,61,64,64,62,67,79,61,61,67,80,64,,,
KIAMO-Accra,2015,03,06:00,92,96,94,94,88,89,84,91,92,91,95,90,84,92,88,92,92,91,92,92,96,91,90,95,88,96,92,90,94,96,88
KIAMO-Accra,2015,03,15:00,66,64,67,67,64,64,64,65,67,63,68,61,61,72,62,65,70,67,64,64,71,62,56,67,81,65,58,75,57,74,60
KIAMO-Accra,2015,04,06:00,96,94,93,92,95,92,93,92,92,91,92,99,93,96,94,92,92,93,88,90,90,90,88,92,82,90,89,90,88,91,
KIAMO-Accra,2015,04,15:00,65,66,68,66,63,61,61,55,86,67,72,78,68,73,63,64,61,65,61,64,65,61,64,57,53,81,53,67,65,63,
KIAMO-Accra,2015,05,06:00,88,85,90,87,92,96,91,92,92,94,92,92,91,92,88,94,89,92,92,92,87,90,93,91,92,88,92,96,92,88,90
KIAMO-Accra,2015,05,15:00,57,64,66,65,68,66,64,61,61,63,66,64,65,61,62,67,64,69,58,74,62,67,75,60,66,64,67,72,75,62,88
KIAMO-Accra,2015,06,06:00,96,96,96,97,92,94,96,94,87,96,92,95,94,93,96,88,91,93,90,92,96,92,94,94,90,87,96,92,89,89,
KIAMO-Accra,2015,06,15:00,72,92,78,88,88,65,78,73,72,71,75,81,68,84,74,68,72,74,71,69,70,74,74,65,74,72,71,79,70,74,
KIAMO-Accra,2015,07,06:00,92,96,97,92,92,91,95,92,91,96,96,91,90,89,94,97,95,88,92,92,91,91,91,89,87,89,88,87,88,87,88
KIAMO-Accra,2015,07,15:00,73,76,81,75,68,71,68,65,67,82,68,72,73,68,74,79,68,77,73,78,67,64,64,65,70,64,64,67,63,68,70
KIAMO-Accra,2015,08,06:00,91,89,89,92,94,96,83,92,90,93,91,87,89,92,87,88,92,87,87,88,87,93,88,91,87,93,87,86,88,88,87
KIAMO-Accra,2015,08,15:00,67,67,72,81,70,64,73,67,74,79,67,70,68,81,65,65,74,71,72,68,72,68,73,68,73,63,74,68,73,69,69
KIAMO-Accra,2015,09,06:00,83,86,91,86,89,89,91,90,87,92,88,92,97,88,87,89,86,89,96,87,88,89,88,87,88,92,85,86,88,85,
KIAMO-Accra,2015,09,15:00,64,67,67,64,68,70,74,65,75,74,65,59,74,71,74,71,71,67,64,68,72,66,65,67,74,66,62,67,72,66,
KIAMO-Accra,2015,10,06:00,92,94,88,92,88,88,88,84,96,96,95,94,94,92,93,92,92,92,92,93,95,93,96,92,90,92,92,92,92,100,92
KIAMO-Accra,2015,10,15:00,65,65,68,64,62,65,78,63,80,67,68,69,66,73,65,70,69,68,73,71,78,72,66,68,66,64,63,64,63,63,67
KIAMO-Accra,2015,11,06:00,90,94,92,93,93,96,97,92,93,94,96,93,92,93,93,92,93,93,93,93,92,92,84,89,94,83,88,91,93,93,
KIAMO-Accra,2015,11,15:00,81,69,66,66,65,66,78,66,69,67,86,71,67,70,72,66,66,66,68,67,69,64,65,65,69,64,68,69,61,66,
KIAMO-Accra,2015,12,06:00,92,93,92,74,64,73,83,57,76,87,84,89,94,93,90,75,75,83,65,77,83,85,70,84,62,54,50,58,84,93,89
KIAMO-Accra,2015,12,15:00,70,66,61,40,41,54,36,33,47,52,55,54,50,57,33,30,51,35,39,41,49,39,49,37,27,35,32,43,50,63,61
KIAMO-Accra,2016,01,06:00,88,92,66,64,68,82,15,41,90,92,93,93,90,94,93,88,90,91,91,92,89,92,90,88,81,50,75,61,41,73,60
KIAMO-Accra,2016,01,15:00,62,38,27,31,39,18,15,33,60,58,67,58,64,69,70,64,69,64,67,68,59,64,61,57,24,45,28,17,25,22,42
KIAMO-Accra,2016,02,06:00,68,91,88,92,,,,89,92,92,89,89,89,89,90,91,91,88,92,88,89,89,85,88,88,88,86,88,87,,
KIAMO-Accra,2016,02,15:00,40,50,62,63,,,63,62,60,26,57,63,63,60,62,69,68,81,64,65,70,68,64,70,67,66,64,63,72,,
KIAMO-Accra,2016,03,06:00,88,94,92,90,88,92,92,87,93,91,88,87,88,97,96,92,94,96,94,94,92,90,92,92,92,92,91,89,92,91,88
KIAMO-Accra,2016,03,15:00,97,67,64,59,69,72,54,64,60,64,75,64,70,92,55,69,60,75,67,68,73,57,64,66,65,65,72,68,70,71,65
KIAMO-Accra,2016,04,06:00,88,96,88,92,90,88,84,94,93,95,88,92,94,88,86,91,84,92,92,88,92,92,90,89,90,88,96,88,88,94,
KIAMO-Accra,2016,04,15:00,72,71,66,67,64,76,78,66,64,64,58,65,61,66,67,61,63,61,61,62,64,64,64,61,63,70,64,86,65,61,
KIAMO-Accra,2016,05,06:00,90,88,86,84,88,90,85,89,84,88,89,88,95,92,88,85,87,92,88,90,86,88,96,93,94,91,91,94,92,93,92
KIAMO-Accra,2016,05,15:00,65,64,72,67,59,62,53,72,65,63,58,93,65,70,62,69,64,61,63,62,69,96,72,92,71,66,66,71,75,78,63
KIAMO-Accra,2016,06,06:00,95,94,91,96,94,91,93,87,92,93,95,88,97,94,88,94,92,92,90,94,92,92,92,89,88,90,88,88,90,91,
KIAMO-Accra,2016,06,15:00,66,69,90,61,66,73,92,65,83,85,74,97,77,74,81,72,68,68,92,72,69,71,66,69,72,69,70,70,72,75,
KIAMO-Accra,2016,07,06:00,91,94,90,88,90,92,89,88,88,89,92,92,85,86,85,89,92,90,90,88,90,84,88,96,95,92,92,95,91,90,89
KIAMO-Accra,2016,07,15:00,67,70,71,75,67,75,71,68,72,69,70,64,61,65,66,69,75,72,66,69,74,73,80,81,91,76,75,75,69,72,81
KIAMO-Accra,2016,08,06:00,96,92,89,88,92,88,89,94,94,96,89,90,87,90,88,89,84,90,88,92,92,96,86,86,90,88,83,87,98,92,93
KIAMO-Accra,2016,08,15:00,70,71,65,65,66,77,75,81,71,72,68,67,70,66,79,71,68,67,81,76,69,76,69,70,72,73,77,68,75,97,69
KIAMO-Accra,2016,09,06:00,91,92,87,91,91,92,88,88,88,87,88,85,88,90,94,94,92,92,88,88,94,88,88,94,92,92,96,97,93,90,
KIAMO-Accra,2016,09,15:00,69,64,68,67,69,71,65,68,69,74,68,68,69,70,70,65,63,58,64,89,74,69,69,72,83,66,71,72,67,72,
KIAMO-Accra,2016,10,06:00,89,96,96,93,91,94,91,91,96,93,96,92,92,86,89,94,92,92,85,92,92,88,95,91,94,89,91,92,92,92,92
KIAMO-Accra,2016,10,15:00,72,82,72,69,67,65,67,81,79,72,69,67,64,67,67,65,61,67,71,61,68,66,66,64,65,73,65,70,67,70,61
KIAMO-Accra,2016,11,06:00,88,89,91,91,91,88,92,92,85,92,81,89,90,89,91,89,89,90,89,90,91,89,87,89,89,88,92,88,88,89,
KIAMO-Accra,2016,11,15:00,67,69,66,67,64,66,65,65,67,68,64,64,65,67,64,58,67,65,68,67,65,62,65,68,70,66,66,71,65,64,
KIAMO-Accra,2016,12,06:00,91,95,92,90,95,92,91,91,88,90,77,87,92,92,92,88,92,92,80,91,92,90,91,94,92,80,62,55,55,77,88
KIAMO-Accra,2016,12,15:00,62,63,67,69,71,64,65,76,67,70,60,65,62,76,66,66,64,65,62,67,67,62,53,62,66,44,30,32,47,55,44
KIAMO-Accra,2017,01,06:00,88,91,92,92,92,92,92,92,91,92,90,89,92,90,53,93,84,86,93,90,92,92,95,94,92,95,93,92,93,92,92
KIAMO-Accra,2017,01,15:00,59,60,62,63,58,60,59,57,64,64,67,62,63,35,40,54,55,66,65,67,70,70,56,69,63,64,62,64,65,61,65
KIAMO-Accra,2017,02,06:00,91,98,97,95,96,98,96,95,90,89,92,94,95,92,96,97,95,92,85,94,89,92,94,92,87,90,96,96,,,
KIAMO-Accra,2017,02,15:00,63,67,70,68,69,69,70,74,65,65,71,70,98,67,65,66,67,40,52,62,67,66,69,67,65,98,63,62,,,
KIAMO-Accra,2017,03,06:00,95,92,95,91,95,94,94,93,96,93,93,95,98,95,93,96,94,96,95,87,95,92,91,93,90,94,92,94,92,90,92
KIAMO-Accra,2017,03,15:00,67,62,66,73,64,68,67,62,73,79,73,66,60,65,65,68,70,57,60,54,71,60,64,65,65,68,70,69,65,67,58
KIAMO-Accra,2017,04,06:00,89,92,92,95,95,94,94,94,88,96,94,93,90,95,94,96,95,92,91,92,98,90,96,94,90,96,92,94,94,96,
KIAMO-Accra,2017,04,15:00,75,68,63,72,65,64,71,63,76,67,67,67,69,76,73,76,70,69,67,68,72,69,65,65,79,70,73,62,67,68,
KIAMO-Accra,2017,05,06:00,92,94,92,92,96,90,96,97,96,96,93,97,90,88,88,94,92,92,95,96,92,92,92,92,92,93,92,98,95,96,96
KIAMO-Accra,2017,05,15:00,92,74,64,94,65,67,93,72,89,73,70,68,71,75,69,72,73,67,67,67,70,67,71,71,74,79,71,69,71,74,77
KIAMO-Accra,2017,06,06:00,96,95,94,98,95,96,96,97,92,98,99,92,99,98,92,96,100,97,97,96,97,94,97,95,100,98,97,94,96,95,
KIAMO-Accra,2017,06,15:00,67,70,82,77,67,74,72,63,77,79,82,100,70,77,75,94,72,74,77,82,70,76,75,86,72,93,77,76,79,72,
KIAMO-Accra,2017,07,06:00,94,98,95,96,94,99,96,97,90,92,97,86,89,96,96,96,92,92,92,92,92,92,94,100,96,96,97,98,93,92,92
KIAMO-Accra,2017,07,15:00,80,85,78,76,88,91,76,79,78,67,67,66,73,66,76,74,75,72,78,75,74,82,83,85,88,83,78,72,75,75,77
KIAMO-Accra,2017,08,06:00,93,96,91,96,92,93,95,92,95,96,94,98,96,96,92,92,93,92,93,92,93,92,92,92,92,90,98,94,96,98,98
KIAMO-Accra,2017,08,15:00,81,78,78,78,81,74,73,78,78,72,75,73,75,83,71,74,83,74,69,65,74,73,69,74,67,88,75,74,75,85,79
KIAMO-Accra,2017,09,06:00,98,96,90,92,92,92,96,100,96,95,94,92,98,96,96,96,92,95,88,91,91,98,95,96,94,94,93,96,100,98,
KIAMO-Accra,2017,09,15:00,78,75,70,72,72,76,85,75,70,72,80,78,74,69,74,78,78,73,81,75,69,78,75,92,71,67,77,79,87,72,
KIAMO-Accra,2017,10,06:00,96,96,96,92,92,92,96,88,94,96,96,98,92,89,96,94,94,88,88,94,98,94,92,92,96,94,94,96,88,92,96
KIAMO-Accra,2017,10,15:00,70,70,70,73,63,69,72,78,67,70,77,67,77,70,73,63,70,73,76,64,73,70,73,73,70,70,70,70,70,68,70
KIAMO-Accra,2017,11,06:00,92,92,96,95,97,95,94,96,95,95,92,97,96,95,91,98,96,96,94,96,95,92,96,92,95,96,96,98,95,96,
KIAMO-Accra,2017,11,15:00,67,70,67,65,72,70,67,68,74,67,67,68,68,73,70,76,73,71,65,73,67,71,70,61,78,67,68,68,67,67,
KIAMO-Accra,2017,12,06:00,94,96,94,97,96,96,96,88,92,96,97,91,94,97,96,96,84,89,98,96,94,97,63,70,76,92,77,96,94,93,92
KIAMO-Accra,2017,12,15:00,73,69,70,67,72,70,76,67,96,78,64,62,67,63,67,73,66,61,70,73,76,46,40,43,53,51,56,65,67,67,62
KIAMO-Accra,2018,01,06:00,97,82,78,43,62,94,96,93,95,95,96,96,91,95,95,96,96,96,94,96,96,92,94,97,92,92,96,93,95,94,94
KIAMO-Accra,2018,01,15:00,36,51,36,35,55,62,67,72,73,70,66,62,70,64,70,67,69,71,64,65,65,64,69,70,72,67,64,59,70,70,62
KIAMO-Accra,2018,02,06:00,96,95,94,96,93,92,92,90,90,92,92,91,92,92,95,92,94,86,88,92,96,96,95,92,92,87,90,92,,,
KIAMO-Accra,2018,02,15:00,63,70,70,73,68,70,71,71,68,64,69,60,64,68,65,65,71,66,67,92,63,57,69,81,62,64,65,62,,,
KIAMO-Accra,2018,03,06:00,90,90,92,91,83,88,92,92,89,88,81,92,92,94,94,91,91,92,87,92,90,89,85,94,92,92,92,92,94,92,86
KIAMO-Accra,2018,03,15:00,76,65,69,62,53,62,63,62,67,65,65,67,66,64,69,64,67,66,67,67,65,65,73,64,69,70,73,62,68,70,60
KIAMO-Accra,2018,04,06:00,91,92,89,90,92,92,100,94,92,97,95,96,90,92,89,85,92,92,90,89,92,87,92,91,89,86,92,92,91,92,
KIAMO-Accra,2018,04,15:00,67,70,69,73,70,65,69,67,63,69,65,63,65,65,65,67,68,65,62,77,65,63,71,69,70,62,59,57,68,73,
KIAMO-Accra,2018,05,06:00,92,89,86,93,94,92,96,95,88,92,100,100,92,96,94,96,92,92,96,94,96,96,95,96,96,93,88,93,92,89,96
KIAMO-Accra,2018,05,15:00,62,66,77,73,67,70,63,92,73,70,89,70,67,76,67,70,96,70,68,65,72,73,67,66,96,76,82,70,73,73,66
KIAMO-Accra,2018,06,06:00,92,98,94,96,96,96,96,95,96,92,92,92,92,96,95,92,89,92,98,92,96,96,99,98,96,96,96,95,96,94,
KIAMO-Accra,2018,06,15:00,71,74,79,76,71,75,70,73,74,67,70,70,75,62,66,77,72,89,61,79,80,77,81,69,69,72,70,77,79,83,
KIAMO-Accra,2018,08,06:00,88,88,92,88,95,92,86,88,88,89,90,90,88,96,92,93,92,90,92,89,87,96,98,92,97,98,98,92,92,90,93
KIAMO-Accra,2018,08,15:00,62,74,66,69,59,64,68,64,65,76,65,66,88,70,67,70,75,76,74,66,86,82,78,82,81,91,66,67,66,83,73
KIAMO-Accra,2018,09,06:00,96,99,96,95,96,92,94,100,96,96,92,92,94,94,94,92,96,91,94,94,94,92,93,88,91,94,88,94,93,91,
KIAMO-Accra,2018,09,15:00,85,81,77,76,71,66,91,83,87,69,69,76,76,70,65,76,66,68,71,70,67,78,73,72,71,71,74,68,72,72,
KIAMO-Accra,2018,10,06:00,90,96,92,92,91,97,94,100,97,93,98,92,97,95,95,94,98,97,98,98,96,95,90,92,92,92,92,94,86,93,96
KIAMO-Accra,2018,10,15:00,99,69,73,75,71,71,73,61,73,66,76,75,70,67,75,67,67,71,65,67,71,70,66,98,67,63,70,63,69,72,69
KIAMO-Accra,2018,11,06:00,88,97,96,96,92,92,95,95,92,92,92,92,93,93,92,94,96,95,95,87,96,95,96,94,88,99,94,96,96,97,
KIAMO-Accra,2018,11,15:00,68,73,67,65,70,94,66,71,68,65,71,71,65,71,73,67,76,71,92,76,66,66,68,78,71,74,69,70,70,71,
KIAMO-Accra,2018,12,06:00,96,96,92,92,95,95,94,95,95,92,94,92,90,92,96,96,94,95,96,96,96,96,96,89,92,81,86,81,92,92,92
KIAMO-Accra,2018,12,15:00,73,73,78,68,69,67,66,64,60,63,61,66,67,70,62,72,68,77,65,70,57,56,57,47,35,42,38,54,62,63,59
KIAMO-Accra,2019,01,06:00,92,73,53,47,53,69,72,79,80,92,92,88,92,89,89,95,95,93,95,95,92,92,94,93,91,75,90,92,94,98,96
KIAMO-Accra,2019,01,15:00,32,35,31,33,36,47,39,48,51,54,68,60,77,65,64,62,68,60,57,63,53,70,65,60,56,49,46,73,60,65,64
KIAMO-Accra,2019,02,06:00,94,92,92,92,95,90,95,92,95,94,96,95,92,92,93,95,89,85,87,91,84,87,90,92,89,88,85,85,,,
KIAMO-Accra,2019,02,15:00,69,69,66,70,65,68,65,66,74,65,58,60,65,65,71,65,61,70,85,65,70,71,64,77,76,67,63,61,,,
KIAMO-Accra,2019,03,06:00,92,98,94,95,95,92,95,96,83,81,92,92,89,92,88,85,98,85,95,89,89,98,90,95,79,89,92,95,92,92,90
KIAMO-Accra,2019,03,15:00,94,65,67,65,65,62,65,60,58,65,65,69,65,71,62,67,62,56,63,58,63,69,56,65,68,55,63,65,58,66,65
KIAMO-Accra,2019,04,06:00,92,92,92,81,100,90,90,95,96,92,89,92,85,96,92,94,95,95,94,92,92,92,95,86,89,91,86,92,89,92,
KIAMO-Accra,2019,04,15:00,65,63,68,64,65,67,70,58,68,65,89,74,70,77,68,68,62,63,73,68,72,71,63,66,64,67,66,63,71,75,
KIAMO-Accra,2019,05,06:00,92,91,92,92,96,96,94,86,92,96,93,87,90,95,92,98,95,92,90,92,97,94,94,96,88,92,89,93,96,96,98
KIAMO-Accra,2019,05,15:00,68,70,73,89,69,67,71,62,74,69,64,60,97,67,89,73,72,65,76,96,70,67,73,67,66,70,86,62,97,80,91
KIAMO-Accra,2019,06,06:00,96,96,92,92,92,96,97,92,94,88,92,91,91,88,92,96,94,89,96,94,88,88,99,92,97,100,94,92,96,94,
KIAMO-Accra,2019,06,15:00,69,67,64,92,73,74,75,73,74,73,63,64,69,79,76,69,63,69,68,71,69,75,71,71,99,76,75,72,75,72,
KIAMO-Accra,2019,07,06:00,94,93,94,96,94,93,92,92,96,93,93,93,96,96,93,93,94,91,92,97,95,96,92,94,94,94,96,94,92,90,94
KIAMO-Accra,2019,07,15:00,67,72,74,76,75,78,79,81,78,75,77,75,71,65,72,73,68,75,81,92,79,76,67,75,72,80,78,77,76,75,71
KIAMO-Accra,2019,08,06:00,90,88,92,92,92,90,98,93,90,92,90,92,92,96,95,92,92,93,96,92,97,98,90,93,93,94,95,92,96,92,94
KIAMO-Accra,2019,08,15:00,72,75,67,66,69,69,75,71,75,76,64,71,73,72,69,69,72,66,78,79,78,72,90,73,79,75,72,68,67,75,80
KIAMO-Accra,2019,09,06:00,94,94,96,87,89,89,93,92,95,91,90,95,96,98,97,94,90,96,92,94,97,94,92,94,90,92,91,96,92,91,
KIAMO-Accra,2019,09,15:00,88,76,63,75,68,67,78,76,67,70,69,84,75,78,67,69,71,74,75,74,67,68,71,71,71,68,96,74,72,75,
KIAMO-Accra,2019,10,06:00,96,96,96,97,97,98,96,96,92,94,99,98,96,98,96,92,96,92,98,93,96,97,92,92,93,91,92,96,98,92,98
KIAMO-Accra,2019,10,15:00,69,88,92,72,68,69,68,80,79,71,70,78,75,64,68,70,66,79,72,74,72,67,77,69,69,70,86,97,71,69,67
KIAMO-Accra,2019,11,06:00,95,96,97,96,96,96,92,94,93,92,96,93,94,95,97,95,96,96,96,95,92,90,97,96,95,94,95,91,93,94,
KIAMO-Accra,2019,11,15:00,65,73,64,70,70,65,72,67,64,62,73,65,62,79,67,69,71,71,65,68,91,71,70,67,69,65,69,65,69,69,
KIAMO-Accra,2019,12,06:00,94,92,96,91,92,95,91,89,95,95,92,92,92,92,95,92,92,95,95,94,94,91,93,94,92,90,92,91,89,95,92
KIAMO-Accra,2019,12,15:00,70,73,65,72,66,64,70,68,67,68,69,71,72,70,70,70,68,70,73,70,72,70,63,61,55,61,64,60,61,60,57
KIAMO-Accra,2020,01,15:00,32,35,31,33,36,47,39,48,51,54,68,60,77,65,64,62,68,60,57,63,53,70,65,60,56,49,46,73,60,65,64
KIAMO-Accra,2020,02,06:00,94,95,95,96,96,92,96,92,93,94,95,94,51,75,85,92,93,94,92,95,92,91,93,91,92,95,92,92,94,,
KIAMO-Accra,2020,02,15:00,63,51,60,62,61,66,41,47,61,67,67,30,42,52,54,60,74,68,79,66,65,71,70,74,73,67,66,63,65,,
KIAMO-Accra,2020,03,06:00,89,92,90,94,95,83,92,88,88,91,89,92,91,94,91,92,92,91,90,89,96,91,89,86,92,92,92,90,94,92,92
KIAMO-Accra,2020,03,15:00,74,74,88,71,69,68,65,61,63,67,69,64,67,64,65,61,64,63,73,70,68,72,78,92,68,67,55,60,68,59,68
KIAMO-Accra,2020,04,06:00,89,65,83,74,72,76,70,73,69,73,76,71,73,74,76,70,79,70,72,74,70,82,69,73,71,85,86,79,71,68,
KIAMO-Accra,2020,04,15:00,69,69,62,73,56,60,63,60,63,72,65,65,63,69,66,65,60,68,66,62,66,78,73,57,61,100,66,70,57,65,
KIAMO-Accra,2020,05,06:00,94,90,92,92,94,94,92,95,92,88,96,92,96,92,92,89,94,91,90,88,86,83,84,92,89,90,89,89,87,92,98
KIAMO-Accra,2020,05,15:00,63,67,100,68,66,60,66,65,67,67,70,66,66,68,65,66,65,68,70,65,67,70,61,62,96,56,70,82,72,75,59
KIAMO-Accra,2020,06,06:00,92,91,92,92,85,88,91,91,96,92,93,94,96,92,92,92,90,92,88,93,96,96,92,93,88,87,94,85,96,92,
KIAMO-Accra,2020,06,15:00,66,92,60,75,56,70,62,63,73,64,69,96,79,70,73,70,75,77,62,67,71,67,63,67,69,77,75,71,78,73,
KIAMO-Accra,2020,07,06:00,85,88,88,95,93,93,89,91,89,88,90,88,90,90,90,91,86,88,90,88,88,88,88,94,86,86,86,88,89,88,88
KIAMO-Accra,2020,07,15:00,72,66,74,88,70,72,68,75,70,72,72,73,73,70,75,71,73,69,73,69,82,70,64,73,66,76,67,65,68,61,70
KIAMO-Accra,2020,10,06:00,92,88,92,88,90,86,94,92,92,96,,96,84,90,91,95,92,92,92,93,89,89,92,89,88,94,92,,98,93,92
KIAMO-Accra,2020,10,15:00,73,69,64,66,65,67,77,71,67,89,,72,70,69,72,74,67,65,67,67,64,71,67,67,88,67,73,67,72,75,69
KIAMO-Accra,2020,11,06:00,92,90,92,92,93,93,92,94,89,90,92,88,91,79,92,92,92,86,88,91,92,92,94,92,89,89,91,91,92,92,
KIAMO-Accra,2020,11,15:00,67,70,65,67,68,67,67,70,76,70,67,65,67,64,65,72,67,63,74,65,70,74,68,71,67,71,70,68,68,65,
KIAMO-Accra,2020,12,06:00,91,90,92,92,92,92,91,76,94,92,92,92,88,92,93,92,92,92,89,96,96,88,95,94,90,94,95,93,92,92,96
KIAMO-Accra,2020,12,15:00,67,68,65,63,65,65,65,68,66,65,71,69,71,63,62,69,73,67,64,65,57,71,72,64,69,64,65,68,68,63,64
KIAMO-Accra,2021,01,06:00,91,92,92,92,91,89,90,97,96,92,93,89,81,88,91,89,85,92,92,92,92,92,92,92,87,85,92,90,92,82,92
KIAMO-Accra,2021,01,15:00,66,68,66,62,67,75,71,64,64,62,65,61,58,66,62,66,67,63,58,65,62,66,62,57,42,56,60,67,65,67,63
KIAMO-Accra,2021,02,06:00,90,90,91,92,89,95,89,88,89,92,90,86,90,88,91,91,89,89,89,92,90,92,90,89,85,88,82,90,,,
KIAMO-Accra,2021,02,15:00,66,68,65,71,78,65,63,63,65,58,65,63,68,67,70,65,65,61,57,51,60,57,63,62,62,67,64,62,,,
KIAMO-Accra,2021,03,06:00,90,91,89,89,89,89,85,91,88,84,78,89,80,79,88,89,85,88,85,85,90,88,89,86,88,88,89,91,91,92,92
KIAMO-Accra,2021,03,15:00,62,65,63,68,63,65,58,65,60,63,68,62,67,65,59,60,65,63,58,63,60,69,49,59,65,66,62,66,64,64,68
KIAMO-Accra,2021,04,06:00,86,87,86,89,85,92,86,86,89,86,85,83,89,89,89,85,88,77,85,92,89,89,80,89,80,90,90,89,91,94,
KIAMO-Accra,2021,04,15:00,63,63,65,61,64,68,68,62,47,62,64,64,67,63,64,66,70,58,63,62,63,57,62,66,64,60,66,75,71,56,
KIAMO-Accra,2021,05,06:00,89,91,90,89,84,86,86,85,92,88,90,86,89,92,92,89,88,92,89,86,88,89,92,88,91,89,91,88,85,89,84
KIAMO-Accra,2021,05,15:00,64,60,73,70,64,60,64,77,73,58,65,62,63,62,66,68,66,72,69,62,65,84,55,62,66,65,65,64,66,67,79
KIAMO-Accra,2021,06,06:00,87,85,89,90,96,90,89,88,77,88,90,92,89,89,86,88,84,88,85,86,93,91,91,98,88,91,92,94,90,92,
KIAMO-Accra,2021,06,15:00,73,60,62,69,62,66,61,62,64,73,62,69,65,65,61,78,64,64,66,92,66,67,70,75,69,96,72,64,65,74,
KIAMO-Accra,2021,07,06:00,93,92,87,95,92,91,90,91,88,88,91,85,92,90,85,88,91,89,87,87,85,88,87,85,88,90,87,88,93,89,90
KIAMO-Accra,2021,07,15:00,67,67,81,73,66,69,69,66,66,61,61,63,67,70,72,81,70,69,69,66,62,69,68,67,64,66,74,62,65,69,70
KIAMO-Accra,2021,08,06:00,89,91,88,90,91,90,84,86,93,90,87,92,95,94,88,90,85,87,87,92,91,92,90,91,92,92,88,87,92,88,88
KIAMO-Accra,2021,08,15:00,61,66,64,74,70,72,78,69,72,66,68,85,76,64,64,69,66,63,65,66,72,73,75,67,68,64,64,75,71,82,73
KIAMO-Accra,2021,09,06:00,88,97,92,94,94,92,88,91,93,91,88,88,91,88,92,96,89,93,91,90,88,86,91,91,91,92,87,89,92,88,
KIAMO-Accra,2021,09,15:00,66,91,75,72,69,70,72,66,67,64,70,69,68,89,74,71,76,67,62,67,67,70,70,76,82,71,77,65,67,68,
KIAMO-Accra,2021,11,15:00,,,,,,,,,,68,60,66,63,65,62,64,68,64,65,66,63,69,70,65,71,68,68,68,67,63,
KIAMO-Accra,2021,12,06:00,92,89,90,90,89,92,89,87,89,92,89,89,87,89,89,83,92,91,88,77,63,67,69,89,86,84,89,91,89,90,84
KIAMO-Accra,2021,12,15:00,68,58,67,68,67,65,63,65,62,65,65,62,67,68,65,60,65,60,34,24,33,34,51,61,63,65,79,65,74,62,72
KIAMO-Accra,2022,01,06:00,89,89,90,85,86,89,89,92,90,96,89,89,89,88,92,89,91,98,89,92,50,58,77,88,90,45,84,93,92,92,58
KIAMO-Accra,2022,01,15:00,68,69,66,59,57,65,64,70,53,60,60,55,70,62,56,61,60,56,26,32,30,29,56,51,30,27,57,60,65,32,35
KIAMO-Accra,2022,02,06:00,81,88,92,89,89,86,91,91,90,92,91,92,90,86,89,87,84,,,89,88,89,89,89,87,89,89,89,,,
KIAMO-Accra,2022,02,15:00,49,62,67,66,64,65,66,63,67,68,65,62,68,64,63,66,71,,,64,62,65,62,65,63,65,68,57,,,
KIAMO-Accra,2022,03,06:00,82,78,81,85,88,85,91,89,87,83,81,90,81,85,89,87,84,87,90,89,84,85,89,89,92,84,85,90,88,86,89
KIAMO-Accra,2022,03,15:00,65,58,58,66,53,64,67,65,65,65,64,65,65,56,70,62,63,65,63,65,70,71,69,60,60,71,61,63,73,67,65
KIAMO-Accra,2022,04,06:00,85,85,83,85,88,88,92,92,90,92,92,89,92,88,89,94,91,85,92,90,87,90,92,90,87,91,91,100,87,94,
KIAMO-Accra,2022,04,15:00,70,68,64,65,57,29,67,87,72,63,63,60,56,65,59,82,62,78,60,60,72,60,65,91,65,59,72,68,59,67,
KIAMO-Accra,2022,05,06:00,92,90,89,90,84,92,87,93,92,92,92,90,86,90,94,92,92,91,92,89,91,96,89,100,90,90,90,89,95,92,89
KIAMO-Accra,2022,05,15:00,61,62,63,60,67,97,67,65,76,62,62,67,63,70,68,70,65,60,72,67,65,72,61,74,58,71,64,69,70,65,66
KIAMO-Accra,2022,06,06:00,92,93,92,92,93,90,92,88,89,89,92,88,90,85,89,94,93,92,84,92,94,90,92,92,90,94,93,92,91,90,
KIAMO-Accra,2022,06,15:00,70,65,94,67,98,75,59,64,64,92,73,64,64,67,98,92,62,67,69,70,78,68,72,72,70,67,66,67,73,85,
KIAMO-Accra,2022,07,06:00,93,85,94,92,90,94,89,88,88,92,85,90,86,89,88,88,88,92,89,91,91,90,86,88,90,85,91,84,83,84,86
KIAMO-Accra,2022,07,15:00,69,67,69,76,68,69,70,75,69,69,69,73,79,70,75,69,72,58,65,64,54,63,61,68,69,78,81,70,56,68,80
KIAMO-Accra,2022,08,06:00,89,83,88,84,88,92,92,86,84,89,88,88,88,92,97,96,94,93,88,95,94,89,92,92,95,92,96,93,96,91,92
KIAMO-Accra,2022,08,15:00,74,69,67,68,67,64,63,65,75,70,67,72,75,96,85,75,72,66,68,74,72,75,88,74,67,72,93,85,71,89,77
KIAMO-Accra,2022,09,06:00,96,91,88,95,93,94,96,88,86,86,88,84,92,94,88,92,90,84,98,95,92,90,89,88,90,94,94,96,96,92,
KIAMO-Accra,2022,09,15:00,75,68,67,72,82,86,73,72,64,66,69,98,68,62,81,66,66,72,81,77,68,69,70,70,67,92,77,86,83,69,
KIAMO-Accra,2022,10,06:00,96,96,92,94,91,91,88,90,94,95,88,95,92,88,91,88,94,92,88,90,92,91,92,92,89,92,92,92,90,90,92
KIAMO-Accra,2022,10,15:00,92,75,73,72,72,66,71,72,91,69,68,93,61,68,65,74,70,68,72,65,65,60,70,73,82,70,69,68,64,68,67
KIAMO-Accra,2022,11,06:00,89,88,87,91,93,92,88,91,92,90,88,88,97,92,92,92,92,89,91,92,92,92,92,92,92,92,91,91,84,96,
KIAMO-Accra,2022,11,15:00,73,66,62,76,74,65,65,61,69,65,65,69,67,69,67,64,65,62,67,62,67,66,71,69,64,66,73,65,59,67,
KIAMO-Accra,2022,12,06:00,92,92,92,90,93,92,92,92,92,92,92,92,92,92,95,93,90,91,87,96,94,94,91,64,67,82,92,68,92,90,91
KIAMO-Accra,2022,12,15:00,64,65,60,66,61,68,70,63,65,63,65,67,65,65,65,67,67,62,65,65,64,61,36,38,40,49,49,39,46,36,28
KIAMO-Accra,2023,01,06:00,66,66,71,69,81,81,91,91,92,92,90,92,92,92,90,92,92,92,84,91,92,89,77,92,92,91,81,87,87,85,90
KIAMO-Accra,2023,01,15:00,30,40,34,43,46,57,65,65,62,60,62,63,54,57,62,60,60,69,64,66,62,68,63,62,65,60,68,63,65,64,66
KIAMO-Accra,2023,02,06:00,94,95,91,90,89,80,86,90,91,89,90,90,87,90,81,89,89,67,61,91,89,88,89,92,78,88,89,85,,,
KIAMO-Accra,2023,02,15:00,68,57,62,69,64,65,59,62,59,62,68,67,62,60,63,63,34,32,40,61,63,67,63,67,71,73,60,64,,,
KIAMO-Accra,2023,03,06:00,91,85,90,92,89,85,97,90,92,80,93,81,86,92,92,86,88,89,90,92,92,87,91,88,91,92,85,90,89,89,78
KIAMO-Accra,2023,03,15:00,64,60,73,64,65,60,79,60,64,59,61,77,62,64,63,60,69,73,62,65,58,73,60,75,57,58,73,57,61,60,69
KIAMO-Accra,2023,04,06:00,85,85,86,79,92,95,87,84,84,89,87,91,89,85,89,81,87,92,87,88,90,87,89,92,94,88,86,96,89,88,
KIAMO-Accra,2023,04,15:00,67,61,60,67,61,59,73,62,67,65,58,63,66,66,72,66,57,60,71,61,62,69,72,68,66,57,57,67,61,66,
KIAMO-Accra,2023,05,06:00,89,83,89,88,82,83,91,88,86,89,81,88,89,88,94,92,92,90,99,94,96,92,92,92,95,89,89,92,92,91,92
KIAMO-Accra,2023,05,15:00,68,69,65,61,66,68,66,63,59,59,63,73,65,69,85,60,66,91,69,66,60,69,65,72,66,65,96,68,83,62,62
